left,right,correlation,abs_correlation
Health_Score,Healthy_Aging_Score,0.9387560560080862,0.9387560560080862
Working_Hours_Per_Day,Sitting_Hours_Per_Day,0.8722649038622771,0.8722649038622771
Weight_kg,BMI,0.8437704063645286,0.8437704063645286
Exercise_Frequency_Per_Week,Daily_Steps,0.8357593260999473,0.8357593260999473
Systolic_BP,Diastolic_BP,0.8329624670107524,0.8329624670107524
Energy_Level_Score,Fatigue_Level_Score,-0.8119979137544492,0.8119979137544492
Stress_Level,Anxiety_Score,0.7462986156735706,0.7462986156735706
Mood_Score,Life_Satisfaction_Score,0.7055119906691129,0.7055119906691129
Stress_Level,Depression_Risk_Score,0.679654122218336,0.679654122218336
Mood_Score,Anxiety_Score,-0.6716869799577161,0.6716869799577161
Mood_Score,Depression_Risk_Score,-0.6697936800808694,0.6697936800808694
Stress_Level,Mood_Score,-0.6526457262370158,0.6526457262370158
Age,Systolic_BP,0.6348733036467339,0.6348733036467339
Energy_Level_Score,Health_Score,0.6232792049106475,0.6232792049106475
Anxiety_Score,Depression_Risk_Score,0.6207888381375454,0.6207888381375454
Stress_Level,Life_Satisfaction_Score,-0.6146405308494494,0.6146405308494494
Sleep_Quality_Score,Fatigue_Level_Score,-0.6125348677998745,0.6125348677998745
Depression_Risk_Score,Life_Satisfaction_Score,-0.6067941308835401,0.6067941308835401
Mood_Score,Health_Score,0.6014375819979105,0.6014375819979105
Energy_Level_Score,Productivity_Score,0.599036839633203,0.599036839633203
Exercise_Frequency_Per_Week,Protein_Intake_Grams,0.5970988974707517,0.5970988974707517
Energy_Level_Score,Mood_Score,0.5894629214528332,0.5894629214528332
Anxiety_Score,Life_Satisfaction_Score,-0.5869370808378321,0.5869370808378321
Exercise_Frequency_Per_Week,Water_Intake_Liters,0.5847697821510286,0.5847697821510286
Sleep_Quality_Score,Mood_Score,0.5704905754895184,0.5704905754895184
Fatigue_Level_Score,Mood_Score,-0.5503751709304551,0.5503751709304551
Energy_Level_Score,Anxiety_Score,-0.5502832685512564,0.5502832685512564
Fatigue_Level_Score,Health_Score,-0.5499096146227834,0.5499096146227834
Fatigue_Level_Score,Productivity_Score,-0.5420139073439376,0.5420139073439376
Anxiety_Score,Health_Score,-0.5363225883302216,0.5363225883302216
Energy_Level_Score,Healthy_Aging_Score,0.535393611340909,0.535393611340909
Energy_Level_Score,Depression_Risk_Score,-0.5345200689811522,0.5345200689811522
Exercise_Frequency_Per_Week,Energy_Level_Score,0.5328910764144014,0.5328910764144014
Age,Diastolic_BP,0.532325859314412,0.532325859314412
Exercise_Frequency_Per_Week,Health_Score,0.5274634273712708,0.5274634273712708
Fatigue_Level_Score,Depression_Risk_Score,0.5225242770221245,0.5225242770221245
Mood_Score,Productivity_Score,0.5140926735013637,0.5140926735013637
Productivity_Score,Health_Score,0.5137816532552969,0.5137816532552969
Height_cm,Weight_kg,0.5101926812425209,0.5101926812425209
Sleep_Quality_Score,Productivity_Score,0.5098821436098867,0.5098821436098867
Mood_Score,Healthy_Aging_Score,0.5095889429913648,0.5095889429913648
Depression_Risk_Score,Health_Score,-0.5073720858691723,0.5073720858691723
Sleep_Quality_Score,Energy_Level_Score,0.5056263032417524,0.5056263032417524
Energy_Level_Score,Life_Satisfaction_Score,0.5050442109150755,0.5050442109150755
Daily_Steps,Protein_Intake_Grams,0.5041943012477469,0.5041943012477469
Life_Satisfaction_Score,Health_Score,0.5001338726421989,0.5001338726421989
Fatigue_Level_Score,Anxiety_Score,0.49504347951062116,0.49504347951062116
Daily_Steps,Water_Intake_Liters,0.4945291054598878,0.4945291054598878
Exercise_Frequency_Per_Week,Daily_Calorie_Intake,0.49347697947206615,0.49347697947206615
Daily_Steps,Health_Score,0.4896553019697596,0.4896553019697596
BMI,Healthy_Aging_Score,-0.48739521005462433,0.48739521005462433
Sleep_Quality_Score,Health_Score,0.47969966554811305,0.47969966554811305
BMI,Health_Score,-0.47520210877047653,0.47520210877047653
Exercise_Frequency_Per_Week,Outdoor_Time_Hours,0.47389412546544013,0.47389412546544013
Sleep_Quality_Score,Depression_Risk_Score,-0.47162121865638496,0.47162121865638496
Fatigue_Level_Score,Healthy_Aging_Score,-0.47007886109099817,0.47007886109099817
Anxiety_Score,Productivity_Score,-0.469057946736295,0.469057946736295
Stress_Level,Energy_Level_Score,-0.46851400057654,0.46851400057654
Sleep_Quality_Score,Anxiety_Score,-0.4674570936493351,0.4674570936493351
Exercise_Frequency_Per_Week,Healthy_Aging_Score,0.46564439709990435,0.46564439709990435
Anxiety_Score,Healthy_Aging_Score,-0.45790037763329233,0.45790037763329233
Depression_Risk_Score,Productivity_Score,-0.4528706115358914,0.4528706115358914
Systolic_BP,Healthy_Aging_Score,-0.446253241449473,0.446253241449473
Productivity_Score,Healthy_Aging_Score,0.443800595296864,0.443800595296864
Daily_Steps,Energy_Level_Score,0.44370088690284387,0.44370088690284387
Depression_Risk_Score,Healthy_Aging_Score,-0.43423665700849295,0.43423665700849295
Stress_Level,Health_Score,-0.4335159075207743,0.4335159075207743
Fatigue_Level_Score,Life_Satisfaction_Score,-0.43241230060631675,0.43241230060631675
Daily_Steps,Healthy_Aging_Score,0.42634650056321716,0.42634650056321716
Productivity_Score,Life_Satisfaction_Score,0.4252726220315853,0.4252726220315853
Life_Satisfaction_Score,Healthy_Aging_Score,0.42507684104882043,0.42507684104882043
Stress_Level,Fatigue_Level_Score,0.4220414863537944,0.4220414863537944
Sleep_Quality_Score,Focus_Concentration_Score,0.4207805101050259,0.4207805101050259
Fatigue_Level_Score,Focus_Concentration_Score,-0.4187609314061798,0.4187609314061798
Daily_Steps,Daily_Calorie_Intake,0.4141977956500176,0.4141977956500176
Social_Interaction_Score,Life_Satisfaction_Score,0.4132096041433806,0.4132096041433806
Exercise_Frequency_Per_Week,Immune_Health_Score,0.4107397554361609,0.4107397554361609
Stress_Level,Productivity_Score,-0.4100595364450469,0.4100595364450469
Weight_kg,Healthy_Aging_Score,-0.4066331854626977,0.4066331854626977
Sleep_Quality_Score,Healthy_Aging_Score,0.3997099091391726,0.3997099091391726
Weight_kg,Health_Score,-0.39431702447604444,0.39431702447604444
Sleep_Quality_Score,Stress_Level,-0.39429910121360545,0.39429910121360545
Exercise_Frequency_Per_Week,Resting_Heart_Rate,-0.3911483754150163,0.3911483754150163
Daily_Steps,Outdoor_Time_Hours,0.3888984750363591,0.3888984750363591
Focus_Concentration_Score,Health_Score,0.3786566558544965,0.3786566558544965
Age,Cholesterol_Level,0.37836643581137863,0.37836643581137863
Mood_Score,Focus_Concentration_Score,0.37506998066558744,0.37506998066558744
Diastolic_BP,Healthy_Aging_Score,-0.37172970780693104,0.37172970780693104
Exercise_Frequency_Per_Week,Productivity_Score,0.3703611968164182,0.3703611968164182
Stress_Level,Healthy_Aging_Score,-0.3667510420695879,0.3667510420695879
Age,Healthy_Aging_Score,-0.3646969452123736,0.3646969452123736
Energy_Level_Score,Focus_Concentration_Score,0.36360598399891775,0.36360598399891775
Water_Intake_Liters,Energy_Level_Score,0.36307628825600297,0.36307628825600297
Water_Intake_Liters,Health_Score,0.3614952852124126,0.3614952852124126
Exercise_Frequency_Per_Week,Fatigue_Level_Score,-0.3614361910071446,0.3614361910071446
Social_Interaction_Score,Depression_Risk_Score,-0.3592447244307982,0.3592447244307982
Cholesterol_Level,Healthy_Aging_Score,-0.35610270297871266,0.35610270297871266
Sleep_Quality_Score,Life_Satisfaction_Score,0.3482506521440351,0.3482506521440351
Exercise_Frequency_Per_Week,Life_Satisfaction_Score,0.3467073271094719,0.3467073271094719
Anxiety_Score,Focus_Concentration_Score,-0.3464523087260714,0.3464523087260714
Daily_Steps,Immune_Health_Score,0.34520618386648555,0.34520618386648555
Immune_Health_Score,Health_Score,0.34511972190213003,0.34511972190213003
Water_Intake_Liters,Protein_Intake_Grams,0.34041663038855297,0.34041663038855297
Immune_Health_Score,Healthy_Aging_Score,0.3305701540106425,0.3305701540106425
Productivity_Score,Focus_Concentration_Score,0.3293433749462815,0.3293433749462815
Screen_Time_Before_Bed_Hours,Focus_Concentration_Score,-0.32929062530021985,0.32929062530021985
Focus_Concentration_Score,Healthy_Aging_Score,0.325809094277782,0.325809094277782
Daily_Steps,Resting_Heart_Rate,-0.3252688625988754,0.3252688625988754
BMI,Daily_Calorie_Intake,0.31993492009516133,0.31993492009516133
Fast_Food_Meals_Per_Week,Blood_Sugar_Level,0.31979153127006404,0.31979153127006404
Protein_Intake_Grams,Health_Score,0.3185973739069782,0.3185973739069782
Protein_Intake_Grams,Energy_Level_Score,0.31793918796847914,0.31793918796847914
Resting_Heart_Rate,Healthy_Aging_Score,-0.3176779083733857,0.3176779083733857
Water_Intake_Liters,Immune_Health_Score,0.31482440302167225,0.31482440302167225
Water_Intake_Liters,Healthy_Aging_Score,0.3126790915857682,0.3126790915857682
Exercise_Frequency_Per_Week,Mood_Score,0.31152798891931377,0.31152798891931377
Resting_Heart_Rate,Immune_Health_Score,-0.3071003254993309,0.3071003254993309
Blood_Sugar_Level,Healthy_Aging_Score,-0.3036508682934426,0.3036508682934426
Daily_Steps,Productivity_Score,0.3012457034992876,0.3012457034992876
Daily_Steps,Fatigue_Level_Score,-0.2976178265564598,0.2976178265564598
Exercise_Frequency_Per_Week,Focus_Concentration_Score,0.2956022258482943,0.2956022258482943
Social_Interaction_Score,Mood_Score,0.2903985022792811,0.2903985022792811
Depression_Risk_Score,Focus_Concentration_Score,-0.29011004610776064,0.29011004610776064
Daily_Calorie_Intake,Water_Intake_Liters,0.28893531625539043,0.28893531625539043
Fast_Food_Meals_Per_Week,Cholesterol_Level,0.2875607025604763,0.2875607025604763
Daily_Steps,Life_Satisfaction_Score,0.28679725873777967,0.28679725873777967
Daily_Calorie_Intake,Protein_Intake_Grams,0.2856424766285748,0.2856424766285748
Exercise_Frequency_Per_Week,Exercise_Duration_Minutes,0.2831773208963674,0.2831773208963674
Sugary_Drinks_Per_Week,Blood_Sugar_Level,0.279261039651352,0.279261039651352
Protein_Intake_Grams,Healthy_Aging_Score,0.27773309677114894,0.27773309677114894
Resting_Heart_Rate,Health_Score,-0.2747734061512739,0.2747734061512739
Daily_Calorie_Intake,Energy_Level_Score,0.2735504850417575,0.2735504850417575
Systolic_BP,Health_Score,-0.2732833888393299,0.2732833888393299
Water_Intake_Liters,Outdoor_Time_Hours,0.2725826400769238,0.2725826400769238
Protein_Intake_Grams,Outdoor_Time_Hours,0.27133165778596074,0.27133165778596074
Weight_kg,Daily_Calorie_Intake,0.2705114131365044,0.2705114131365044
Systolic_BP,Cholesterol_Level,0.2697992191514982,0.2697992191514982
BMI,Systolic_BP,0.26656114446556256,0.26656114446556256
Focus_Concentration_Score,Life_Satisfaction_Score,0.266107987019708,0.266107987019708
Protein_Intake_Grams,Immune_Health_Score,0.26044464284378105,0.26044464284378105
Exercise_Frequency_Per_Week,Anxiety_Score,-0.25976382958291233,0.25976382958291233
Exercise_Frequency_Per_Week,Depression_Risk_Score,-0.25715704796976896,0.25715704796976896
Daily_Steps,Mood_Score,0.2569297538262363,0.2569297538262363
Cholesterol_Level,Health_Score,-0.2539109270850873,0.2539109270850873
Water_Intake_Liters,Fatigue_Level_Score,-0.2493389369559985,0.2493389369559985
Daily_Steps,Focus_Concentration_Score,0.247328547626827,0.247328547626827
Outdoor_Time_Hours,Energy_Level_Score,0.24712104296803977,0.24712104296803977
Outdoor_Time_Hours,Health_Score,0.24600846541256022,0.24600846541256022
Vegetable_Intake_Per_Day,Immune_Health_Score,0.24102413170902365,0.24102413170902365
Age,Resting_Heart_Rate,0.238099174715198,0.238099174715198
Energy_Level_Score,Immune_Health_Score,0.23776235308796798,0.23776235308796798
Daily_Calorie_Intake,Outdoor_Time_Hours,0.23642801915660225,0.23642801915660225
Age,Blood_Sugar_Level,0.2361884359490693,0.2361884359490693
Exercise_Duration_Minutes,Daily_Steps,0.23033741487703224,0.23033741487703224
Diastolic_BP,Health_Score,-0.2288942436462619,0.2288942436462619
Water_Intake_Liters,Resting_Heart_Rate,-0.2274137020948015,0.2274137020948015
Diastolic_BP,Cholesterol_Level,0.22738797002189481,0.22738797002189481
Protein_Intake_Grams,Resting_Heart_Rate,-0.22499728592109447,0.22499728592109447
Weight_kg,Systolic_BP,0.22277640186860545,0.22277640186860545
Protein_Intake_Grams,Fatigue_Level_Score,-0.2221802164307207,0.2221802164307207
Stress_Level,Social_Interaction_Score,-0.2219861215925206,0.2219861215925206
Outdoor_Time_Hours,Healthy_Aging_Score,0.220025663476981,0.220025663476981
Protein_Intake_Grams,Productivity_Score,0.21903978279393116,0.21903978279393116
Water_Intake_Liters,Productivity_Score,0.21857315123055449,0.21857315123055449
Daily_Steps,Anxiety_Score,-0.21699624129353706,0.21699624129353706
Daily_Steps,Depression_Risk_Score,-0.21555566051031286,0.21555566051031286
Fast_Food_Meals_Per_Week,Healthy_Aging_Score,-0.2112860139095125,0.2112860139095125
BMI,Diastolic_BP,0.210355220770376,0.210355220770376
BMI,Cholesterol_Level,0.20905724587688027,0.20905724587688027
Water_Intake_Liters,Life_Satisfaction_Score,0.20868610874551913,0.20868610874551913
Protein_Intake_Grams,Life_Satisfaction_Score,0.2084323987975064,0.2084323987975064
Fast_Food_Meals_Per_Week,Health_Score,-0.2068337653682169,0.2068337653682169
Cholesterol_Level,Blood_Sugar_Level,0.2054071759331438,0.2054071759331438
Daily_Calorie_Intake,Immune_Health_Score,0.20459183755819546,0.20459183755819546
Sleep_Duration_Hours,Sleep_Quality_Score,0.2024935534895981,0.2024935534895981
Resting_Heart_Rate,Energy_Level_Score,-0.19840718139586863,0.19840718139586863
Water_Intake_Liters,Focus_Concentration_Score,0.19695282265756198,0.19695282265756198
Outdoor_Time_Hours,Resting_Heart_Rate,-0.19428459694422454,0.19428459694422454
Resting_Heart_Rate,Systolic_BP,0.189513946667325,0.189513946667325
Protein_Intake_Grams,Mood_Score,0.18736734888015508,0.18736734888015508
Outdoor_Time_Hours,Immune_Health_Score,0.18717219418550657,0.18717219418550657
Daily_Calorie_Intake,Resting_Heart_Rate,-0.18621846201891082,0.18621846201891082
Water_Intake_Liters,Mood_Score,0.1854480859595732,0.1854480859595732
Daily_Calorie_Intake,Fatigue_Level_Score,-0.18361949284047369,0.18361949284047369
BMI,Blood_Sugar_Level,0.18214320693077907,0.18214320693077907
Weight_kg,Diastolic_BP,0.1817206023705019,0.1817206023705019
Daily_Calorie_Intake,Productivity_Score,0.18138814627413416,0.18138814627413416
Systolic_BP,Blood_Sugar_Level,0.18057255420852372,0.18057255420852372
Protein_Intake_Grams,Focus_Concentration_Score,0.17799552279227135,0.17799552279227135
Social_Interaction_Score,Anxiety_Score,-0.17721836661034154,0.17721836661034154
Outdoor_Time_Hours,Productivity_Score,0.17569038990569485,0.17569038990569485
Weight_kg,Cholesterol_Level,0.1749390637762112,0.1749390637762112
Sleep_Quality_Score,Number_of_Night_Awakenings,-0.1705212687492407,0.1705212687492407
Daily_Calorie_Intake,Life_Satisfaction_Score,0.16890813224280485,0.16890813224280485
Fruit_Intake_Per_Day,Immune_Health_Score,0.16879376515247824,0.16879376515247824
Stress_Level,Focus_Concentration_Score,-0.16599354620179296,0.16599354620179296
Outdoor_Time_Hours,Fatigue_Level_Score,-0.16230341194608675,0.16230341194608675
Stress_Level,Systolic_BP,0.16215364662331794,0.16215364662331794
Exercise_Duration_Minutes,Protein_Intake_Grams,0.16154141535338135,0.16154141535338135
Blood_Sugar_Level,Health_Score,-0.16141076484150596,0.16141076484150596
Screen_Time_Before_Bed_Hours,Fatigue_Level_Score,0.1598516190493028,0.1598516190493028
Resting_Heart_Rate,Diastolic_BP,0.15799935487824687,0.15799935487824687
Exercise_Duration_Minutes,Water_Intake_Liters,0.1573116820804301,0.1573116820804301
Immune_Health_Score,Productivity_Score,0.15721661249806032,0.15721661249806032
Water_Intake_Liters,Depression_Risk_Score,-0.15669383319629357,0.15669383319629357
Protein_Intake_Grams,Anxiety_Score,-0.15607966265387838,0.15607966265387838
Outdoor_Time_Hours,Life_Satisfaction_Score,0.15492410833096476,0.15492410833096476
Water_Intake_Liters,Anxiety_Score,-0.15435197155899583,0.15435197155899583
Fatigue_Level_Score,Immune_Health_Score,-0.15426718092733194,0.15426718092733194
Daily_Calorie_Intake,Mood_Score,0.1539838036487898,0.1539838036487898
Weight_kg,Blood_Sugar_Level,0.15214550800880938,0.15214550800880938
Exercise_Duration_Minutes,Health_Score,0.15060436143866715,0.15060436143866715
Protein_Intake_Grams,Depression_Risk_Score,-0.14993904107475628,0.14993904107475628
Stress_Level,Diastolic_BP,0.14525913839854257,0.14525913839854257
Outdoor_Time_Hours,Mood_Score,0.14424370083413604,0.14424370083413604
Resting_Heart_Rate,Cholesterol_Level,0.14386823488163342,0.14386823488163342
Immune_Health_Score,Life_Satisfaction_Score,0.1423293415136125,0.1423293415136125
Resting_Heart_Rate,Productivity_Score,-0.1417045749470534,0.1417045749470534
Exercise_Duration_Minutes,Energy_Level_Score,0.1416442603285512,0.1416442603285512
Diastolic_BP,Blood_Sugar_Level,0.13947306088315986,0.13947306088315986
Daily_Calorie_Intake,Focus_Concentration_Score,0.13931606573683494,0.13931606573683494
Resting_Heart_Rate,Fatigue_Level_Score,0.13772336226306905,0.13772336226306905
Exercise_Duration_Minutes,Healthy_Aging_Score,0.1376032456679895,0.1376032456679895
Exercise_Duration_Minutes,Immune_Health_Score,0.1372549719611777,0.1372549719611777
Immune_Health_Score,Focus_Concentration_Score,0.13632873522917266,0.13632873522917266
Immune_Health_Score,Mood_Score,0.1345817471261898,0.1345817471261898
Exercise_Duration_Minutes,Outdoor_Time_Hours,0.13138136848116835,0.13138136848116835
Age,Health_Score,-0.1308066006416782,0.1308066006416782
Outdoor_Time_Hours,Focus_Concentration_Score,0.12859531463921706,0.12859531463921706
Outdoor_Time_Hours,Anxiety_Score,-0.12594568488397737,0.12594568488397737
Sleep_Duration_Hours,Fatigue_Level_Score,-0.12432259449408067,0.12432259449408067
Daily_Calorie_Intake,Anxiety_Score,-0.12318836448576113,0.12318836448576113
Exercise_Duration_Minutes,Resting_Heart_Rate,-0.12231801042272905,0.12231801042272905
Outdoor_Time_Hours,Depression_Risk_Score,-0.12174126892860912,0.12174126892860912
Social_Interaction_Score,Health_Score,0.1208276581896753,0.1208276581896753
Breakfast_Regularity_Score,Productivity_Score,0.12014529641649611,0.12014529641649611
Exercise_Duration_Minutes,Daily_Calorie_Intake,0.12013023701734035,0.12013023701734035
Daily_Calorie_Intake,Depression_Risk_Score,-0.11954133630791698,0.11954133630791698
Exercise_Frequency_Per_Week,Cholesterol_Level,-0.1176797441400763,0.1176797441400763
Immune_Health_Score,Depression_Risk_Score,-0.11762585478492708,0.11762585478492708
Systolic_BP,Anxiety_Score,0.11652301317761156,0.11652301317761156
Resting_Heart_Rate,Life_Satisfaction_Score,-0.11455381359538604,0.11455381359538604
Immune_Health_Score,Anxiety_Score,-0.11363623645393577,0.11363623645393577
Daily_Calorie_Intake,Health_Score,0.11316081325114336,0.11316081325114336
Resting_Heart_Rate,Focus_Concentration_Score,-0.11072457813398363,0.11072457813398363
Resting_Heart_Rate,Mood_Score,-0.1060201496425011,0.1060201496425011
Systolic_BP,Depression_Risk_Score,0.10490219185463831,0.10490219185463831
Diastolic_BP,Anxiety_Score,0.1046768150593523,0.1046768150593523
Exercise_Duration_Minutes,Life_Satisfaction_Score,0.10426305895139412,0.10426305895139412
Sleep_Duration_Hours,Productivity_Score,0.10347392784047542,0.10347392784047542
Exercise_Duration_Minutes,Productivity_Score,0.1032090492527635,0.1032090492527635
Social_Interaction_Score,Healthy_Aging_Score,0.10228604700053975,0.10228604700053975
Vegetable_Intake_Per_Day,Health_Score,0.1013571615594169,0.1013571615594169
Social_Interaction_Score,Energy_Level_Score,0.09748544192386731,0.09748544192386731
Systolic_BP,Mood_Score,-0.09738973523754538,0.09738973523754538
Number_of_Night_Awakenings,Fatigue_Level_Score,0.09718635088463021,0.09718635088463021
Daily_Steps,Cholesterol_Level,-0.09493542746361287,0.09493542746361287
Sleep_Duration_Hours,Energy_Level_Score,0.09454745056248391,0.09454745056248391
Number_of_Night_Awakenings,Productivity_Score,-0.09431059073893328,0.09431059073893328
Age,BMI,0.09227868196697814,0.09227868196697814
Exercise_Duration_Minutes,Fatigue_Level_Score,-0.09198146930976556,0.09198146930976556
Number_of_Night_Awakenings,Mood_Score,-0.09087639192684746,0.09087639192684746
Diastolic_BP,Depression_Risk_Score,0.09028306970077432,0.09028306970077432
Sleep_Duration_Hours,Focus_Concentration_Score,0.09012248425339493,0.09012248425339493
Resting_Heart_Rate,Depression_Risk_Score,0.08953830078556234,0.08953830078556234
Resting_Heart_Rate,Anxiety_Score,0.08891835838689165,0.08891835838689165
Sleep_Duration_Hours,Mood_Score,0.08866049389518046,0.08866049389518046
Systolic_BP,Life_Satisfaction_Score,-0.08848259969007255,0.08848259969007255
Sleep_Duration_Hours,Health_Score,0.08830533234134946,0.08830533234134946
Social_Interaction_Score,Productivity_Score,0.08827188458109389,0.08827188458109389
Diastolic_BP,Mood_Score,-0.0864056962797323,0.0864056962797323
Social_Interaction_Score,Fatigue_Level_Score,-0.08621283779632381,0.08621283779632381
Daily_Calorie_Intake,Systolic_BP,0.08378184622724316,0.08378184622724316
Exercise_Duration_Minutes,Mood_Score,0.08331563124658238,0.08331563124658238
Sleep_Quality_Score,Social_Interaction_Score,0.08287385922026966,0.08287385922026966
Daily_Calorie_Intake,Healthy_Aging_Score,0.08213418175437813,0.08213418175437813
Vegetable_Intake_Per_Day,Healthy_Aging_Score,0.0816917741272567,0.0816917741272567
Number_of_Night_Awakenings,Energy_Level_Score,-0.08025969414841681,0.08025969414841681
Systolic_BP,Immune_Health_Score,-0.07914658647274755,0.07914658647274755
Diastolic_BP,Life_Satisfaction_Score,-0.07779663641620674,0.07779663641620674
Sleep_Duration_Hours,Healthy_Aging_Score,0.07776799296773913,0.07776799296773913
Age,Weight_kg,0.07646416769869561,0.07646416769869561
Number_of_Night_Awakenings,Focus_Concentration_Score,-0.07210932201412097,0.07210932201412097
Sleep_Duration_Hours,Depression_Risk_Score,-0.0715986677082315,0.0715986677082315
Sleep_Duration_Hours,Anxiety_Score,-0.07024395083848467,0.07024395083848467
Exercise_Duration_Minutes,Focus_Concentration_Score,0.0695811386007078,0.0695811386007078
Systolic_BP,Productivity_Score,-0.06875589719091497,0.06875589719091497
Number_of_Night_Awakenings,Depression_Risk_Score,0.06629067557841982,0.06629067557841982
Daily_Calorie_Intake,Diastolic_BP,0.06628203141750055,0.06628203141750055
Number_of_Night_Awakenings,Health_Score,-0.06578265990621632,0.06578265990621632
Exercise_Duration_Minutes,Anxiety_Score,-0.06528281556217864,0.06528281556217864
Sleep_Quality_Score,Systolic_BP,-0.06505974668352149,0.06505974668352149
Diastolic_BP,Immune_Health_Score,-0.0637861967711233,0.0637861967711233
Systolic_BP,Fatigue_Level_Score,0.06349545799730004,0.06349545799730004
Cholesterol_Level,Energy_Level_Score,-0.06288813484871994,0.06288813484871994
Resting_Heart_Rate,Blood_Sugar_Level,0.06256407149621197,0.06256407149621197
Diastolic_BP,Fatigue_Level_Score,0.06176074187673178,0.06176074187673178
Systolic_BP,Energy_Level_Score,-0.06156189802587815,0.06156189802587815
Sleep_Quality_Score,Breakfast_Regularity_Score,0.06077061908523493,0.06077061908523493
Exercise_Duration_Minutes,Depression_Risk_Score,-0.059771521083453065,0.059771521083453065
Water_Intake_Liters,Cholesterol_Level,-0.05967406287229759,0.05967406287229759
Protein_Intake_Grams,Cholesterol_Level,-0.059404424210839496,0.059404424210839496
Number_of_Night_Awakenings,Anxiety_Score,0.058604582096321946,0.058604582096321946
Diastolic_BP,Energy_Level_Score,-0.058168499406344956,0.058168499406344956
Diastolic_BP,Productivity_Score,-0.05673706693080312,0.05673706693080312
Sleep_Quality_Score,Diastolic_BP,-0.055736619785426725,0.055736619785426725
Daily_Calorie_Intake,Blood_Sugar_Level,0.052734025236911064,0.052734025236911064
Outdoor_Time_Hours,Cholesterol_Level,-0.05226046636591401,0.05226046636591401
Number_of_Night_Awakenings,Healthy_Aging_Score,-0.05163459565451031,0.05163459565451031
Number_of_Night_Awakenings,Life_Satisfaction_Score,-0.050668943913912204,0.050668943913912204
Cholesterol_Level,Focus_Concentration_Score,-0.050621375265735506,0.050621375265735506
Number_of_Night_Awakenings,Stress_Level,0.048735937166515995,0.048735937166515995
Fruit_Intake_Per_Day,Health_Score,0.04780821758473757,0.04780821758473757
Cholesterol_Level,Immune_Health_Score,-0.04690198777406009,0.04690198777406009
Breakfast_Regularity_Score,Fatigue_Level_Score,-0.04605849784785444,0.04605849784785444
Cholesterol_Level,Fatigue_Level_Score,0.04528626121360969,0.04528626121360969
Sleep_Duration_Hours,Life_Satisfaction_Score,0.04444231161203952,0.04444231161203952
Social_Interaction_Score,Systolic_BP,-0.043578932561281356,0.043578932561281356
Cholesterol_Level,Mood_Score,-0.04153446805186263,0.04153446805186263
Sleep_Duration_Hours,Stress_Level,-0.041171193713192895,0.041171193713192895
Breakfast_Regularity_Score,Energy_Level_Score,0.04098463469904181,0.04098463469904181
Social_Interaction_Score,Focus_Concentration_Score,0.04097894534657983,0.04097894534657983
Breakfast_Regularity_Score,Health_Score,0.04022626852476347,0.04022626852476347
Cholesterol_Level,Productivity_Score,-0.03984994602578023,0.03984994602578023
Exercise_Duration_Minutes,Cholesterol_Level,-0.03893605462851439,0.03893605462851439
Fruit_Intake_Per_Day,Healthy_Aging_Score,0.035948474625723016,0.035948474625723016
Cholesterol_Level,Anxiety_Score,0.03560181702931744,0.03560181702931744
Breakfast_Regularity_Score,Healthy_Aging_Score,0.03429224546943416,0.03429224546943416
Sleep_Duration_Hours,Number_of_Night_Awakenings,-0.03378431294007129,0.03378431294007129
Age,Daily_Calorie_Intake,0.033272677473084,0.033272677473084
Social_Interaction_Score,Diastolic_BP,-0.0328329249120901,0.0328329249120901
Cholesterol_Level,Life_Satisfaction_Score,-0.030898234562725245,0.030898234562725245
Fruit_Intake_Per_Day,Anxiety_Score,0.02925100193136955,0.02925100193136955
Working_Hours_Per_Day,Productivity_Score,-0.028165750991620577,0.028165750991620577
Cholesterol_Level,Depression_Risk_Score,0.026723031559980938,0.026723031559980938
Height_cm,Mood_Score,0.0266366444781431,0.0266366444781431
Sugary_Drinks_Per_Week,Healthy_Aging_Score,-0.026398758100791425,0.026398758100791425
Breakfast_Regularity_Score,Focus_Concentration_Score,0.02616014046960788,0.02616014046960788
Sitting_Hours_Per_Day,Productivity_Score,-0.02609207077484434,0.02609207077484434
Sleep_Duration_Hours,Working_Hours_Per_Day,0.02528472415244291,0.02528472415244291
Weekend_Sleep_Difference_Hours,Focus_Concentration_Score,0.025093078759792626,0.025093078759792626
Fruit_Intake_Per_Day,Life_Satisfaction_Score,-0.025043948040160625,0.025043948040160625
Systolic_BP,Focus_Concentration_Score,-0.025040336674772644,0.025040336674772644
Breakfast_Regularity_Score,Mood_Score,0.024213554209746378,0.024213554209746378
Age,Water_Intake_Liters,0.023191446217823073,0.023191446217823073
Weight_kg,Daily_Steps,0.023113641832555775,0.023113641832555775
Sugary_Drinks_Per_Week,Outdoor_Time_Hours,-0.022580375926937478,0.022580375926937478
BMI,Breakfast_Regularity_Score,-0.022329174814091784,0.022329174814091784
BMI,Number_of_Night_Awakenings,-0.02232375318887262,0.02232375318887262
Vegetable_Intake_Per_Day,Sugary_Drinks_Per_Week,-0.0221520485427393,0.0221520485427393
Weight_kg,Exercise_Frequency_Per_Week,0.021646181554729554,0.021646181554729554
Sleep_Quality_Score,Weekend_Sleep_Difference_Hours,0.021283895741422164,0.021283895741422164
Fruit_Intake_Per_Day,Protein_Intake_Grams,0.020961275739724505,0.020961275739724505
Fruit_Intake_Per_Day,Stress_Level,0.02077803721939239,0.02077803721939239
Height_cm,Exercise_Frequency_Per_Week,0.020418409348512325,0.020418409348512325
Fast_Food_Meals_Per_Week,Depression_Risk_Score,-0.020358801220952658,0.020358801220952658
Daily_Calorie_Intake,Fast_Food_Meals_Per_Week,-0.020339386712038606,0.020339386712038606
Height_cm,Health_Score,0.020286180118263664,0.020286180118263664
Stress_Level,Immune_Health_Score,-0.019968933728256463,0.019968933728256463
Sleep_Duration_Hours,Sitting_Hours_Per_Day,0.019951640164718367,0.019951640164718367
Height_cm,Daily_Steps,0.01977176529957368,0.01977176529957368
Height_cm,BMI,-0.019756935671619794,0.019756935671619794
Weight_kg,Number_of_Night_Awakenings,-0.019516373194062606,0.019516373194062606
Blood_Sugar_Level,Life_Satisfaction_Score,0.018713925027459794,0.018713925027459794
Sleep_Quality_Score,Water_Intake_Liters,0.018555110333847522,0.018555110333847522
Sugary_Drinks_Per_Week,Working_Hours_Per_Day,-0.01852168338010634,0.01852168338010634
Sugary_Drinks_Per_Week,Fatigue_Level_Score,-0.018295648062746268,0.018295648062746268
Fast_Food_Meals_Per_Week,Life_Satisfaction_Score,0.0181275028739486,0.0181275028739486
Sugary_Drinks_Per_Week,Focus_Concentration_Score,-0.018042614183351534,0.018042614183351534
Fruit_Intake_Per_Day,Sitting_Hours_Per_Day,0.018023512777235802,0.018023512777235802
Exercise_Frequency_Per_Week,Sitting_Hours_Per_Day,-0.01798614229656921,0.01798614229656921
Height_cm,Life_Satisfaction_Score,0.017892464827904474,0.017892464827904474
Number_of_Night_Awakenings,Weekend_Sleep_Difference_Hours,-0.01777566805936429,0.01777566805936429
Number_of_Night_Awakenings,Breakfast_Regularity_Score,-0.017726244225992713,0.017726244225992713
Height_cm,Depression_Risk_Score,-0.017708995123594976,0.017708995123594976
Outdoor_Time_Hours,Diastolic_BP,0.01769919780505427,0.01769919780505427
Breakfast_Regularity_Score,Depression_Risk_Score,-0.017634449324965818,0.017634449324965818
Age,Daily_Steps,0.017613752053956485,0.017613752053956485
Weekend_Sleep_Difference_Hours,Working_Hours_Per_Day,0.01747332487770201,0.01747332487770201
Breakfast_Regularity_Score,Life_Satisfaction_Score,0.017168287932587754,0.017168287932587754
Breakfast_Regularity_Score,Anxiety_Score,-0.017119346059729486,0.017119346059729486
Blood_Sugar_Level,Immune_Health_Score,-0.016980057215850282,0.016980057215850282
Height_cm,Stress_Level,-0.0169472699530504,0.0169472699530504
Nap_Frequency_Per_Week,Fruit_Intake_Per_Day,0.01691230369541873,0.01691230369541873
Height_cm,Healthy_Aging_Score,0.016801006591160433,0.016801006591160433
Number_of_Night_Awakenings,Water_Intake_Liters,0.016666119956923763,0.016666119956923763
Stress_Level,Resting_Heart_Rate,-0.01662556353439891,0.01662556353439891
Height_cm,Outdoor_Time_Hours,0.01653397773221984,0.01653397773221984
Working_Hours_Per_Day,Resting_Heart_Rate,0.01644034440150216,0.01644034440150216
Outdoor_Time_Hours,Systolic_BP,0.016348468817657665,0.016348468817657665
Sleep_Duration_Hours,Breakfast_Regularity_Score,0.016336232418823385,0.016336232418823385
Water_Intake_Liters,Fast_Food_Meals_Per_Week,-0.01628280471723552,0.01628280471723552
Daily_Steps,Systolic_BP,0.01616111785733669,0.01616111785733669
Fast_Food_Meals_Per_Week,Stress_Level,-0.016051983757208035,0.016051983757208035
Age,Nap_Frequency_Per_Week,-0.016036309922857005,0.016036309922857005
Blood_Sugar_Level,Energy_Level_Score,0.015991072257019068,0.015991072257019068
Height_cm,Sleep_Duration_Hours,-0.015962063425900484,0.015962063425900484
Daily_Steps,Blood_Sugar_Level,0.015871102730080792,0.015871102730080792
Nap_Frequency_Per_Week,Productivity_Score,0.015763145193099744,0.015763145193099744
Weekend_Sleep_Difference_Hours,Energy_Level_Score,0.01574131241360046,0.01574131241360046
Working_Hours_Per_Day,Fatigue_Level_Score,0.01565039149667835,0.01565039149667835
Sleep_Quality_Score,Blood_Sugar_Level,0.015621612173988352,0.015621612173988352
Height_cm,Energy_Level_Score,0.01557538304185405,0.01557538304185405
Blood_Sugar_Level,Fatigue_Level_Score,-0.015555624705667922,0.015555624705667922
Daily_Steps,Social_Interaction_Score,0.015549283974453558,0.015549283974453558
Fruit_Intake_Per_Day,Mood_Score,-0.015437535481361203,0.015437535481361203
Weight_kg,Mood_Score,0.015333002893373094,0.015333002893373094
Nap_Frequency_Per_Week,Breakfast_Regularity_Score,0.015295231959012034,0.015295231959012034
Height_cm,Productivity_Score,0.015290632015748214,0.015290632015748214
Height_cm,Anxiety_Score,-0.015255440015130815,0.015255440015130815
Sleep_Duration_Hours,Resting_Heart_Rate,-0.015190149589868591,0.015190149589868591
Exercise_Frequency_Per_Week,Systolic_BP,0.015046535901973506,0.015046535901973506
Stress_Level,Blood_Sugar_Level,-0.014841664077445626,0.014841664077445626
Fruit_Intake_Per_Day,Working_Hours_Per_Day,0.01474198714390979,0.01474198714390979
Diastolic_BP,Focus_Concentration_Score,-0.014699377111945322,0.014699377111945322
Fruit_Intake_Per_Day,Resting_Heart_Rate,-0.01467135281252173,0.01467135281252173
Sitting_Hours_Per_Day,Social_Interaction_Score,0.014635265654649305,0.014635265654649305
Sleep_Duration_Hours,Outdoor_Time_Hours,-0.014566273940249948,0.014566273940249948
Sleep_Duration_Hours,Immune_Health_Score,0.014537934392971038,0.014537934392971038
Number_of_Night_Awakenings,Daily_Calorie_Intake,-0.01434568416613011,0.01434568416613011
Daily_Calorie_Intake,Vegetable_Intake_Per_Day,-0.014300312438589254,0.014300312438589254
Height_cm,Resting_Heart_Rate,-0.014297466562572874,0.014297466562572874
Blood_Sugar_Level,Depression_Risk_Score,-0.014283815506469113,0.014283815506469113
Weight_kg,Breakfast_Regularity_Score,-0.014186500707598318,0.014186500707598318
Sitting_Hours_Per_Day,Healthy_Aging_Score,-0.014156278346938058,0.014156278346938058
BMI,Daily_Steps,0.014145854270632422,0.014145854270632422
Exercise_Duration_Minutes,Sugary_Drinks_Per_Week,-0.014129103571949653,0.014129103571949653
BMI,Sleep_Duration_Hours,0.014035236943940557,0.014035236943940557
Sugary_Drinks_Per_Week,Cholesterol_Level,-0.01396074679186706,0.01396074679186706
Fast_Food_Meals_Per_Week,Systolic_BP,-0.013872144402378554,0.013872144402378554
Working_Hours_Per_Day,Healthy_Aging_Score,-0.013595652454051515,0.013595652454051515
Weekend_Sleep_Difference_Hours,Mood_Score,0.013514997949290097,0.013514997949290097
Sleep_Duration_Hours,Screen_Time_Before_Bed_Hours,-0.013474850118303999,0.013474850118303999
Age,Immune_Health_Score,0.013459695266435043,0.013459695266435043
Nap_Frequency_Per_Week,Diastolic_BP,-0.01345168551795562,0.01345168551795562
Weight_kg,Sitting_Hours_Per_Day,0.013379444252712116,0.013379444252712116
Age,Exercise_Frequency_Per_Week,0.013362918119152883,0.013362918119152883
Sleep_Quality_Score,Immune_Health_Score,0.013353762672478677,0.013353762672478677
Nap_Frequency_Per_Week,Daily_Calorie_Intake,-0.01335028984032156,0.01335028984032156
Vegetable_Intake_Per_Day,Social_Interaction_Score,0.013332977213107498,0.013332977213107498
Fruit_Intake_Per_Day,Focus_Concentration_Score,-0.013322519440484423,0.013322519440484423
Exercise_Frequency_Per_Week,Working_Hours_Per_Day,-0.013197701177224127,0.013197701177224127
Height_cm,Water_Intake_Liters,0.01318220012874354,0.01318220012874354
Protein_Intake_Grams,Diastolic_BP,0.013145598333347662,0.013145598333347662
Weight_kg,Working_Hours_Per_Day,0.013125156719665309,0.013125156719665309
Sugary_Drinks_Per_Week,Sitting_Hours_Per_Day,-0.013118420023769683,0.013118420023769683
Weight_kg,Nap_Frequency_Per_Week,-0.01311616917444635,0.01311616917444635
Screen_Time_Before_Bed_Hours,Fruit_Intake_Per_Day,0.012933865358776714,0.012933865358776714
Sitting_Hours_Per_Day,Life_Satisfaction_Score,0.012891791150072487,0.012891791150072487
Vegetable_Intake_Per_Day,Blood_Sugar_Level,-0.012810258178061041,0.012810258178061041
Fruit_Intake_Per_Day,Depression_Risk_Score,0.012782407050905237,0.012782407050905237
Nap_Frequency_Per_Week,Vegetable_Intake_Per_Day,-0.01277668784351618,0.01277668784351618
Weekend_Sleep_Difference_Hours,Social_Interaction_Score,0.012738398363369345,0.012738398363369345
BMI,Working_Hours_Per_Day,0.012719568819054878,0.012719568819054878
BMI,Resting_Heart_Rate,0.01266132501447037,0.01266132501447037
Fast_Food_Meals_Per_Week,Immune_Health_Score,-0.012594901174389574,0.012594901174389574
Sitting_Hours_Per_Day,Health_Score,-0.012576493169359961,0.012576493169359961
Working_Hours_Per_Day,Cholesterol_Level,0.012500537787578245,0.012500537787578245
Vegetable_Intake_Per_Day,Outdoor_Time_Hours,-0.012484037516583859,0.012484037516583859
Exercise_Frequency_Per_Week,Fast_Food_Meals_Per_Week,-0.012463897134553436,0.012463897134553436
Sugary_Drinks_Per_Week,Productivity_Score,-0.012425284126005664,0.012425284126005664
Weekend_Sleep_Difference_Hours,Fatigue_Level_Score,-0.01238813897852669,0.01238813897852669
Daily_Calorie_Intake,Sitting_Hours_Per_Day,-0.01231393112377704,0.01231393112377704
Nap_Frequency_Per_Week,Fast_Food_Meals_Per_Week,0.012265865761835722,0.012265865761835722
Age,Protein_Intake_Grams,0.012232699829708987,0.012232699829708987
Weight_kg,Depression_Risk_Score,-0.012152468852217664,0.012152468852217664
Age,Social_Interaction_Score,-0.012136521381448016,0.012136521381448016
BMI,Exercise_Frequency_Per_Week,0.012116729424851078,0.012116729424851078
Height_cm,Focus_Concentration_Score,0.011997978896051203,0.011997978896051203
Protein_Intake_Grams,Blood_Sugar_Level,0.011976028719780154,0.011976028719780154
Screen_Time_Before_Bed_Hours,Sitting_Hours_Per_Day,-0.011923205242691496,0.011923205242691496
Daily_Calorie_Intake,Working_Hours_Per_Day,-0.011910512798739966,0.011910512798739966
Water_Intake_Liters,Vegetable_Intake_Per_Day,0.011906528367141867,0.011906528367141867
Weekend_Sleep_Difference_Hours,Sitting_Hours_Per_Day,0.011875665460060676,0.011875665460060676
BMI,Sitting_Hours_Per_Day,0.01185372099742301,0.01185372099742301
Breakfast_Regularity_Score,Immune_Health_Score,0.011743841669816419,0.011743841669816419
Weight_kg,Life_Satisfaction_Score,0.011673979866915226,0.011673979866915226
Age,Sleep_Duration_Hours,-0.011608605927343849,0.011608605927343849
Number_of_Night_Awakenings,Blood_Sugar_Level,-0.011577050543620663,0.011577050543620663
Water_Intake_Liters,Sitting_Hours_Per_Day,-0.011526863672843526,0.011526863672843526
Fruit_Intake_Per_Day,Sugary_Drinks_Per_Week,0.011430129509351388,0.011430129509351388
Exercise_Frequency_Per_Week,Diastolic_BP,0.011382239878455092,0.011382239878455092
Fast_Food_Meals_Per_Week,Resting_Heart_Rate,0.011359926651193482,0.011359926651193482
Working_Hours_Per_Day,Focus_Concentration_Score,-0.011330323479923805,0.011330323479923805
Daily_Steps,Sitting_Hours_Per_Day,-0.011188452820532492,0.011188452820532492
Sleep_Quality_Score,Protein_Intake_Grams,0.011178044780192567,0.011178044780192567
Sleep_Quality_Score,Daily_Calorie_Intake,0.011082728453619418,0.011082728453619418
Exercise_Duration_Minutes,Social_Interaction_Score,-0.011050498988436058,0.011050498988436058
Protein_Intake_Grams,Fast_Food_Meals_Per_Week,0.01102154365172948,0.01102154365172948
Age,Exercise_Duration_Minutes,-0.011016132724897418,0.011016132724897418
Fast_Food_Meals_Per_Week,Mood_Score,0.010996310023291727,0.010996310023291727
Breakfast_Regularity_Score,Cholesterol_Level,0.010906551677387912,0.010906551677387912
Vegetable_Intake_Per_Day,Protein_Intake_Grams,0.010877575711450187,0.010877575711450187
BMI,Nap_Frequency_Per_Week,-0.010856149771816391,0.010856149771816391
Age,Working_Hours_Per_Day,0.01081521583610874,0.01081521583610874
Stress_Level,Sitting_Hours_Per_Day,-0.010782053389892582,0.010782053389892582
Sleep_Quality_Score,Daily_Steps,0.010775082152415396,0.010775082152415396
Fruit_Intake_Per_Day,Productivity_Score,-0.010756479604403147,0.010756479604403147
Age,Vegetable_Intake_Per_Day,0.010640878842364162,0.010640878842364162
Nap_Frequency_Per_Week,Systolic_BP,-0.010637741756539415,0.010637741756539415
Fast_Food_Meals_Per_Week,Working_Hours_Per_Day,-0.010635401351757565,0.010635401351757565
Weight_kg,Energy_Level_Score,0.010591440382848786,0.010591440382848786
Breakfast_Regularity_Score,Outdoor_Time_Hours,-0.010561959326873266,0.010561959326873266
Weekend_Sleep_Difference_Hours,Health_Score,0.010554745005595138,0.010554745005595138
Number_of_Night_Awakenings,Working_Hours_Per_Day,0.01042230059298476,0.01042230059298476
Vegetable_Intake_Per_Day,Stress_Level,-0.010361692957229933,0.010361692957229933
Fruit_Intake_Per_Day,Diastolic_BP,0.010287225903451165,0.010287225903451165
Exercise_Duration_Minutes,Vegetable_Intake_Per_Day,0.010213420647959168,0.010213420647959168
Weekend_Sleep_Difference_Hours,Vegetable_Intake_Per_Day,0.01019890383148563,0.01019890383148563
Screen_Time_Before_Bed_Hours,Resting_Heart_Rate,-0.010189275115786435,0.010189275115786435
Vegetable_Intake_Per_Day,Focus_Concentration_Score,0.010144470472944823,0.010144470472944823
Weekend_Sleep_Difference_Hours,Diastolic_BP,0.010112951194225544,0.010112951194225544
Fruit_Intake_Per_Day,Cholesterol_Level,0.010104091760776283,0.010104091760776283
Age,Stress_Level,0.010081773845978087,0.010081773845978087
Height_cm,Cholesterol_Level,-0.0100095896913174,0.0100095896913174
Sitting_Hours_Per_Day,Resting_Heart_Rate,0.00995335568232505,0.00995335568232505
Nap_Frequency_Per_Week,Energy_Level_Score,0.009949289986731703,0.009949289986731703
Screen_Time_Before_Bed_Hours,Mood_Score,0.009886092531795414,0.009886092531795414
Nap_Frequency_Per_Week,Healthy_Aging_Score,0.009875242682347275,0.009875242682347275
Sugary_Drinks_Per_Week,Depression_Risk_Score,-0.009845909809430646,0.009845909809430646
Water_Intake_Liters,Stress_Level,-0.009723537972000457,0.009723537972000457
Working_Hours_Per_Day,Health_Score,-0.009670118989473574,0.009670118989473574
Weight_kg,Outdoor_Time_Hours,0.009649190886409609,0.009649190886409609
Sugary_Drinks_Per_Week,Energy_Level_Score,0.009618760045639621,0.009618760045639621
Fast_Food_Meals_Per_Week,Diastolic_BP,-0.009611748361282261,0.009611748361282261
Number_of_Night_Awakenings,Systolic_BP,0.009574337807919043,0.009574337807919043
Weekend_Sleep_Difference_Hours,Healthy_Aging_Score,0.0095735912012155,0.0095735912012155
Fast_Food_Meals_Per_Week,Anxiety_Score,-0.009517377256078518,0.009517377256078518
Sleep_Duration_Hours,Blood_Sugar_Level,0.009515521525188536,0.009515521525188536
Number_of_Night_Awakenings,Sitting_Hours_Per_Day,0.009499554153972271,0.009499554153972271
Protein_Intake_Grams,Systolic_BP,0.00949550300157708,0.00949550300157708
Height_cm,Sleep_Quality_Score,0.009491133954372679,0.009491133954372679
Height_cm,Breakfast_Regularity_Score,0.009478888929372785,0.009478888929372785
Sleep_Duration_Hours,Water_Intake_Liters,0.009475154496724796,0.009475154496724796
Sleep_Duration_Hours,Vegetable_Intake_Per_Day,0.00947331255174148,0.00947331255174148
Height_cm,Sitting_Hours_Per_Day,0.009471511557122121,0.009471511557122121
Weekend_Sleep_Difference_Hours,Fast_Food_Meals_Per_Week,-0.009462826476805549,0.009462826476805549
Breakfast_Regularity_Score,Resting_Heart_Rate,-0.009453843327202673,0.009453843327202673
Age,Screen_Time_Before_Bed_Hours,-0.009438759825674112,0.009438759825674112
Screen_Time_Before_Bed_Hours,Energy_Level_Score,0.009326553715369367,0.009326553715369367
Vegetable_Intake_Per_Day,Mood_Score,0.009275478427566092,0.009275478427566092
BMI,Sugary_Drinks_Per_Week,-0.009270787066817589,0.009270787066817589
Weight_kg,Immune_Health_Score,0.009251988231861293,0.009251988231861293
Nap_Frequency_Per_Week,Daily_Steps,-0.009212503455703234,0.009212503455703234
Screen_Time_Before_Bed_Hours,Water_Intake_Liters,-0.009203280436979438,0.009203280436979438
Blood_Sugar_Level,Mood_Score,0.009179310150700124,0.009179310150700124
Height_cm,Fatigue_Level_Score,-0.009174428462386145,0.009174428462386145
Fast_Food_Meals_Per_Week,Social_Interaction_Score,0.00917244728063423,0.00917244728063423
Sleep_Quality_Score,Exercise_Frequency_Per_Week,0.009154960964632164,0.009154960964632164
BMI,Weekend_Sleep_Difference_Hours,0.009149728053745107,0.009149728053745107
Weight_kg,Productivity_Score,0.009085441206485011,0.009085441206485011
Working_Hours_Per_Day,Life_Satisfaction_Score,0.009014063777322119,0.009014063777322119
Water_Intake_Liters,Systolic_BP,0.009011027198879622,0.009011027198879622
Sleep_Duration_Hours,Diastolic_BP,-0.008923291626672084,0.008923291626672084
Height_cm,Vegetable_Intake_Per_Day,-0.008888658168055197,0.008888658168055197
Exercise_Duration_Minutes,Systolic_BP,-0.0088600272606499,0.0088600272606499
Daily_Steps,Fruit_Intake_Per_Day,-0.008775260845559909,0.008775260845559909
Weekend_Sleep_Difference_Hours,Daily_Steps,-0.008707958955409332,0.008707958955409332
Exercise_Frequency_Per_Week,Social_Interaction_Score,0.008618215241783219,0.008618215241783219
Weekend_Sleep_Difference_Hours,Systolic_BP,0.00859088263371534,0.00859088263371534
Age,Depression_Risk_Score,0.00854877376194913,0.00854877376194913
Age,Outdoor_Time_Hours,0.008542604793025124,0.008542604793025124
Screen_Time_Before_Bed_Hours,Daily_Steps,0.008535197293242883,0.008535197293242883
Weight_kg,Weekend_Sleep_Difference_Hours,0.008529799263288207,0.008529799263288207
Exercise_Frequency_Per_Week,Blood_Sugar_Level,0.008406618811872301,0.008406618811872301
Weight_kg,Protein_Intake_Grams,0.00838080211039947,0.00838080211039947
Sitting_Hours_Per_Day,Fatigue_Level_Score,0.008371578320653498,0.008371578320653498
Sleep_Duration_Hours,Fast_Food_Meals_Per_Week,0.008338085186448263,0.008338085186448263
Sleep_Quality_Score,Fast_Food_Meals_Per_Week,0.008209111599199433,0.008209111599199433
Sleep_Quality_Score,Sitting_Hours_Per_Day,-0.008207776145977697,0.008207776145977697
Exercise_Duration_Minutes,Working_Hours_Per_Day,0.008199431263110622,0.008199431263110622
Sugary_Drinks_Per_Week,Immune_Health_Score,-0.008182089628380318,0.008182089628380318
Nap_Frequency_Per_Week,Blood_Sugar_Level,-0.00806816570478829,0.00806816570478829
Fast_Food_Meals_Per_Week,Outdoor_Time_Hours,-0.00804224000726046,0.00804224000726046
Sugary_Drinks_Per_Week,Fast_Food_Meals_Per_Week,0.007943548618146275,0.007943548618146275
Blood_Sugar_Level,Anxiety_Score,-0.007925186703640277,0.007925186703640277
Height_cm,Exercise_Duration_Minutes,0.007880670956160383,0.007880670956160383
Water_Intake_Liters,Fruit_Intake_Per_Day,0.007774645031051371,0.007774645031051371
Protein_Intake_Grams,Social_Interaction_Score,0.007670326707664406,0.007670326707664406
Screen_Time_Before_Bed_Hours,Healthy_Aging_Score,0.007634989754728651,0.007634989754728651
Age,Anxiety_Score,0.00761258280756311,0.00761258280756311
Exercise_Duration_Minutes,Stress_Level,0.007611090511834026,0.007611090511834026
BMI,Protein_Intake_Grams,0.007523723554189949,0.007523723554189949
Height_cm,Systolic_BP,-0.0075113356454111786,0.0075113356454111786
Weekend_Sleep_Difference_Hours,Exercise_Duration_Minutes,-0.0074734945219085275,0.0074734945219085275
Working_Hours_Per_Day,Diastolic_BP,-0.007456363322654941,0.007456363322654941
BMI,Immune_Health_Score,0.007444161543915884,0.007444161543915884
Vegetable_Intake_Per_Day,Anxiety_Score,-0.007429698499352629,0.007429698499352629
Fruit_Intake_Per_Day,Breakfast_Regularity_Score,-0.007422420952992873,0.007422420952992873
Screen_Time_Before_Bed_Hours,Productivity_Score,0.007374603934437065,0.007374603934437065
Exercise_Frequency_Per_Week,Stress_Level,-0.00736914944038202,0.00736914944038202
Age,Productivity_Score,-0.007353881155967798,0.007353881155967798
Water_Intake_Liters,Working_Hours_Per_Day,-0.007334843436051812,0.007334843436051812
Height_cm,Working_Hours_Per_Day,0.0073321429800764105,0.0073321429800764105
Exercise_Duration_Minutes,Sitting_Hours_Per_Day,0.007268212312921952,0.007268212312921952
Fruit_Intake_Per_Day,Systolic_BP,0.007221116804072762,0.007221116804072762
Vegetable_Intake_Per_Day,Depression_Risk_Score,-0.0072146951139876285,0.0072146951139876285
Working_Hours_Per_Day,Social_Interaction_Score,0.007132796208757047,0.007132796208757047
Vegetable_Intake_Per_Day,Productivity_Score,-0.007104807012164242,0.007104807012164242
Sitting_Hours_Per_Day,Diastolic_BP,-0.007067839335294947,0.007067839335294947
Sugary_Drinks_Per_Week,Anxiety_Score,0.007050647422453592,0.007050647422453592
Nap_Frequency_Per_Week,Outdoor_Time_Hours,-0.007034192269299003,0.007034192269299003
Working_Hours_Per_Day,Energy_Level_Score,-0.0070320682958816706,0.0070320682958816706
Working_Hours_Per_Day,Anxiety_Score,0.006952950133640088,0.006952950133640088
Weekend_Sleep_Difference_Hours,Daily_Calorie_Intake,0.0069428992059716345,0.0069428992059716345
Daily_Steps,Diastolic_BP,0.006903111821295244,0.006903111821295244
Stress_Level,Working_Hours_Per_Day,-0.006899558579222728,0.006899558579222728
Sleep_Quality_Score,Nap_Frequency_Per_Week,0.006886062450457734,0.006886062450457734
Sugary_Drinks_Per_Week,Life_Satisfaction_Score,0.006880864792949175,0.006880864792949175
Nap_Frequency_Per_Week,Sugary_Drinks_Per_Week,-0.006706744724871844,0.006706744724871844
Sitting_Hours_Per_Day,Focus_Concentration_Score,-0.006695626277038439,0.006695626277038439
Screen_Time_Before_Bed_Hours,Stress_Level,-0.006690674589792614,0.006690674589792614
BMI,Focus_Concentration_Score,-0.006664932716349321,0.006664932716349321
Number_of_Night_Awakenings,Social_Interaction_Score,-0.006573006304628261,0.006573006304628261
Outdoor_Time_Hours,Blood_Sugar_Level,-0.006539560448435753,0.006539560448435753
Nap_Frequency_Per_Week,Sitting_Hours_Per_Day,-0.006536523820820731,0.006536523820820731
Age,Fruit_Intake_Per_Day,0.006524218566839765,0.006524218566839765
Vegetable_Intake_Per_Day,Sitting_Hours_Per_Day,0.006512469527874944,0.006512469527874944
Nap_Frequency_Per_Week,Cholesterol_Level,0.006490389349609907,0.006490389349609907
Fast_Food_Meals_Per_Week,Focus_Concentration_Score,-0.0064439891702876536,0.0064439891702876536
Sleep_Duration_Hours,Systolic_BP,-0.006431313487094763,0.006431313487094763
Exercise_Duration_Minutes,Diastolic_BP,-0.00640704630949091,0.00640704630949091
Weight_kg,Sugary_Drinks_Per_Week,-0.006402901315217648,0.006402901315217648
Height_cm,Immune_Health_Score,0.00635944677284802,0.00635944677284802
Number_of_Night_Awakenings,Sugary_Drinks_Per_Week,-0.006287303362426123,0.006287303362426123
Number_of_Night_Awakenings,Screen_Time_Before_Bed_Hours,0.0062353663996335615,0.0062353663996335615
Weekend_Sleep_Difference_Hours,Sugary_Drinks_Per_Week,-0.006203692141148192,0.006203692141148192
Protein_Intake_Grams,Breakfast_Regularity_Score,0.006192945336284058,0.006192945336284058
Age,Fatigue_Level_Score,-0.006178250426008164,0.006178250426008164
Screen_Time_Before_Bed_Hours,Vegetable_Intake_Per_Day,-0.006142196661408139,0.006142196661408139
Fruit_Intake_Per_Day,Fast_Food_Meals_Per_Week,-0.006059321480750218,0.006059321480750218
Vegetable_Intake_Per_Day,Energy_Level_Score,0.006057867918104344,0.006057867918104344
Height_cm,Social_Interaction_Score,0.006056748918000446,0.006056748918000446
Weight_kg,Water_Intake_Liters,0.006041439014774276,0.006041439014774276
Weight_kg,Fast_Food_Meals_Per_Week,0.006015379434676351,0.006015379434676351
Nap_Frequency_Per_Week,Working_Hours_Per_Day,0.0059925770491259965,0.0059925770491259965
Height_cm,Blood_Sugar_Level,-0.005970130467903006,0.005970130467903006
Number_of_Night_Awakenings,Fast_Food_Meals_Per_Week,0.005907854542991517,0.005907854542991517
Height_cm,Daily_Calorie_Intake,-0.005904844549600117,0.005904844549600117
Working_Hours_Per_Day,Depression_Risk_Score,0.005796837697038254,0.005796837697038254
Age,Energy_Level_Score,0.005796197223619828,0.005796197223619828
BMI,Social_Interaction_Score,-0.005780753955640247,0.005780753955640247
Screen_Time_Before_Bed_Hours,Life_Satisfaction_Score,0.0057584236843099545,0.0057584236843099545
Sugary_Drinks_Per_Week,Breakfast_Regularity_Score,-0.005673605825417226,0.005673605825417226
Daily_Calorie_Intake,Breakfast_Regularity_Score,-0.00559242608847665,0.00559242608847665
Water_Intake_Liters,Diastolic_BP,0.005574482188640235,0.005574482188640235
Number_of_Night_Awakenings,Cholesterol_Level,0.005510317275314236,0.005510317275314236
Fast_Food_Meals_Per_Week,Fatigue_Level_Score,-0.005508856849412917,0.005508856849412917
Age,Fast_Food_Meals_Per_Week,-0.005498824968337564,0.005498824968337564
Breakfast_Regularity_Score,Social_Interaction_Score,0.00537828624375652,0.00537828624375652
Nap_Frequency_Per_Week,Exercise_Frequency_Per_Week,-0.00537584077720655,0.00537584077720655
Weekend_Sleep_Difference_Hours,Depression_Risk_Score,-0.005347293441373186,0.005347293441373186
Protein_Intake_Grams,Stress_Level,0.005328441207293652,0.005328441207293652
Height_cm,Protein_Intake_Grams,0.005304788729676811,0.005304788729676811
Sleep_Quality_Score,Working_Hours_Per_Day,-0.005303780409098454,0.005303780409098454
Height_cm,Fast_Food_Meals_Per_Week,0.0053010375970345795,0.0053010375970345795
Nap_Frequency_Per_Week,Health_Score,0.0052961237359978475,0.0052961237359978475
BMI,Sleep_Quality_Score,-0.005280792866486494,0.005280792866486494
Nap_Frequency_Per_Week,Social_Interaction_Score,-0.0052178523007479745,0.0052178523007479745
BMI,Anxiety_Score,0.005182055716932419,0.005182055716932419
Height_cm,Nap_Frequency_Per_Week,-0.0051654332303946076,0.0051654332303946076
Height_cm,Diastolic_BP,0.005141387934339701,0.005141387934339701
Sleep_Quality_Score,Fruit_Intake_Per_Day,-0.005125409661094173,0.005125409661094173
Working_Hours_Per_Day,Mood_Score,-0.005121718369032966,0.005121718369032966
Screen_Time_Before_Bed_Hours,Protein_Intake_Grams,-0.005049745994058415,0.005049745994058415
Weight_kg,Stress_Level,-0.005024880226680838,0.005024880226680838
Age,Sleep_Quality_Score,-0.004993892553178928,0.004993892553178928
Sugary_Drinks_Per_Week,Social_Interaction_Score,0.004981235981344863,0.004981235981344863
Breakfast_Regularity_Score,Blood_Sugar_Level,-0.004943253172819617,0.004943253172819617
Screen_Time_Before_Bed_Hours,Health_Score,0.004941077972876556,0.004941077972876556
Age,Height_cm,-0.004938381647129886,0.004938381647129886
Vegetable_Intake_Per_Day,Fast_Food_Meals_Per_Week,0.004909536467872218,0.004909536467872218
BMI,Screen_Time_Before_Bed_Hours,0.004887778866816258,0.004887778866816258
Sleep_Quality_Score,Cholesterol_Level,-0.004873495501390803,0.004873495501390803
Number_of_Night_Awakenings,Diastolic_BP,0.004871854054858591,0.004871854054858591
BMI,Depression_Risk_Score,-0.0048127025644696415,0.0048127025644696415
Daily_Steps,Working_Hours_Per_Day,-0.004809636602785712,0.004809636602785712
Exercise_Frequency_Per_Week,Vegetable_Intake_Per_Day,0.004796266813090474,0.004796266813090474
Social_Interaction_Score,Resting_Heart_Rate,0.004772173217056657,0.004772173217056657
Water_Intake_Liters,Sugary_Drinks_Per_Week,0.004765264722665479,0.004765264722665479
Weekend_Sleep_Difference_Hours,Cholesterol_Level,0.0045693580780573366,0.0045693580780573366
Vegetable_Intake_Per_Day,Life_Satisfaction_Score,0.004539500284513181,0.004539500284513181
Fruit_Intake_Per_Day,Fatigue_Level_Score,0.004482000352715619,0.004482000352715619
Age,Mood_Score,0.004463182465413186,0.004463182465413186
Fruit_Intake_Per_Day,Social_Interaction_Score,0.004448006770798309,0.004448006770798309
Nap_Frequency_Per_Week,Water_Intake_Liters,-0.004447097386317693,0.004447097386317693
BMI,Stress_Level,0.0044286340137637365,0.0044286340137637365
Daily_Calorie_Intake,Stress_Level,-0.004334533272852642,0.004334533272852642
Screen_Time_Before_Bed_Hours,Working_Hours_Per_Day,-0.0043265857227849785,0.0043265857227849785
Height_cm,Weekend_Sleep_Difference_Hours,0.004322197107456356,0.004322197107456356
Age,Number_of_Night_Awakenings,-0.00431314703344842,0.00431314703344842
Height_cm,Fruit_Intake_Per_Day,0.004306294148703239,0.004306294148703239
BMI,Life_Satisfaction_Score,0.004240238281781491,0.004240238281781491
Number_of_Night_Awakenings,Resting_Heart_Rate,-0.004232832417517966,0.004232832417517966
Exercise_Duration_Minutes,Fast_Food_Meals_Per_Week,0.004170810254469431,0.004170810254469431
Sugary_Drinks_Per_Week,Health_Score,0.004169293845579152,0.004169293845579152
Number_of_Night_Awakenings,Daily_Steps,0.00406932333851481,0.00406932333851481
Sugary_Drinks_Per_Week,Systolic_BP,-0.0040650138521700074,0.0040650138521700074
Screen_Time_Before_Bed_Hours,Immune_Health_Score,0.004041720610706208,0.004041720610706208
Daily_Steps,Breakfast_Regularity_Score,0.004039920049013872,0.004039920049013872
Sleep_Duration_Hours,Nap_Frequency_Per_Week,-0.004006298854727095,0.004006298854727095
Sleep_Duration_Hours,Weekend_Sleep_Difference_Hours,0.004006183941947593,0.004006183941947593
Nap_Frequency_Per_Week,Life_Satisfaction_Score,-0.0038874900830816314,0.0038874900830816314
Breakfast_Regularity_Score,Sitting_Hours_Per_Day,0.003861017574472516,0.003861017574472516
Weekend_Sleep_Difference_Hours,Outdoor_Time_Hours,0.0038539767483403635,0.0038539767483403635
Daily_Calorie_Intake,Fruit_Intake_Per_Day,0.0038486767748062245,0.0038486767748062245
BMI,Fast_Food_Meals_Per_Week,0.0038395324165327203,0.0038395324165327203
Height_cm,Number_of_Night_Awakenings,-0.0037714602851514176,0.0037714602851514176
Vegetable_Intake_Per_Day,Working_Hours_Per_Day,0.0036706285617006565,0.0036706285617006565
Number_of_Night_Awakenings,Vegetable_Intake_Per_Day,-0.003650635167158157,0.003650635167158157
Weight_kg,Screen_Time_Before_Bed_Hours,0.0036111300591642,0.0036111300591642
Sleep_Quality_Score,Exercise_Duration_Minutes,-0.0036025359108380803,0.0036025359108380803
Working_Hours_Per_Day,Outdoor_Time_Hours,0.0035975573897811313,0.0035975573897811313
Water_Intake_Liters,Blood_Sugar_Level,-0.0035224799916389643,0.0035224799916389643
Daily_Steps,Sugary_Drinks_Per_Week,-0.0035021025344883546,0.0035021025344883546
Weekend_Sleep_Difference_Hours,Immune_Health_Score,-0.00348512222616697,0.00348512222616697
Fruit_Intake_Per_Day,Vegetable_Intake_Per_Day,-0.0034838772080643954,0.0034838772080643954
Screen_Time_Before_Bed_Hours,Blood_Sugar_Level,-0.0034716202962642956,0.0034716202962642956
Screen_Time_Before_Bed_Hours,Sugary_Drinks_Per_Week,-0.003424518073871336,0.003424518073871336
Vegetable_Intake_Per_Day,Cholesterol_Level,0.003412857939333179,0.003412857939333179
Weight_kg,Anxiety_Score,-0.00339816227709719,0.00339816227709719
Protein_Intake_Grams,Sugary_Drinks_Per_Week,-0.0033746373387116835,0.0033746373387116835
Weekend_Sleep_Difference_Hours,Breakfast_Regularity_Score,-0.0033414797064177846,0.0033414797064177846
Number_of_Night_Awakenings,Immune_Health_Score,-0.003334857454527481,0.003334857454527481
Fruit_Intake_Per_Day,Outdoor_Time_Hours,-0.0033107454481783247,0.0033107454481783247
Vegetable_Intake_Per_Day,Systolic_BP,0.0033079264380603776,0.0033079264380603776
Weight_kg,Fruit_Intake_Per_Day,0.003284768480695535,0.003284768480695535
Sleep_Duration_Hours,Sugary_Drinks_Per_Week,-0.0032828304596832485,0.0032828304596832485
Nap_Frequency_Per_Week,Screen_Time_Before_Bed_Hours,0.003253985874730763,0.003253985874730763
Daily_Steps,Vegetable_Intake_Per_Day,0.0032179934130930374,0.0032179934130930374
Weekend_Sleep_Difference_Hours,Resting_Heart_Rate,0.0032056434094298366,0.0032056434094298366
Sitting_Hours_Per_Day,Anxiety_Score,0.00318763559926377,0.00318763559926377
Weekend_Sleep_Difference_Hours,Water_Intake_Liters,0.003161643087995578,0.003161643087995578
Fast_Food_Meals_Per_Week,Energy_Level_Score,-0.0031526965804941276,0.0031526965804941276
BMI,Fatigue_Level_Score,0.003138222446338759,0.003138222446338759
Daily_Calorie_Intake,Cholesterol_Level,0.0031059489694807247,0.0031059489694807247
Height_cm,Sugary_Drinks_Per_Week,0.003103028467179656,0.003103028467179656
Nap_Frequency_Per_Week,Anxiety_Score,-0.003077931873756685,0.003077931873756685
Screen_Time_Before_Bed_Hours,Daily_Calorie_Intake,0.0030543796758921303,0.0030543796758921303
Nap_Frequency_Per_Week,Fatigue_Level_Score,0.0030475652709935105,0.0030475652709935105
Nap_Frequency_Per_Week,Protein_Intake_Grams,0.002998998500983601,0.002998998500983601
Breakfast_Regularity_Score,Diastolic_BP,0.002993555204992604,0.002993555204992604
Sugary_Drinks_Per_Week,Resting_Heart_Rate,0.0029761601859882893,0.0029761601859882893
Working_Hours_Per_Day,Immune_Health_Score,0.0029674986586496754,0.0029674986586496754
Sleep_Quality_Score,Screen_Time_Before_Bed_Hours,0.0029569856087655116,0.0029569856087655116
Vegetable_Intake_Per_Day,Resting_Heart_Rate,-0.0028427721793385517,0.0028427721793385517
Age,Sugary_Drinks_Per_Week,0.0028214461000915666,0.0028214461000915666
Number_of_Night_Awakenings,Exercise_Duration_Minutes,0.0028013961518737014,0.0028013961518737014
Weight_kg,Resting_Heart_Rate,0.0027915464897982543,0.0027915464897982543
Height_cm,Screen_Time_Before_Bed_Hours,-0.002788506311772769,0.002788506311772769
Sleep_Duration_Hours,Fruit_Intake_Per_Day,0.0027820416529451756,0.0027820416529451756
Age,Life_Satisfaction_Score,0.0027778174235984286,0.0027778174235984286
Stress_Level,Cholesterol_Level,0.0027745035747547965,0.0027745035747547965
Working_Hours_Per_Day,Blood_Sugar_Level,0.0027598340850061207,0.0027598340850061207
Exercise_Frequency_Per_Week,Breakfast_Regularity_Score,0.0027341484599506588,0.0027341484599506588
Weight_kg,Vegetable_Intake_Per_Day,-0.002725163110759391,0.002725163110759391
Screen_Time_Before_Bed_Hours,Fast_Food_Meals_Per_Week,0.0027084976677422675,0.0027084976677422675
Weight_kg,Social_Interaction_Score,-0.0026872520768878327,0.0026872520768878327
Screen_Time_Before_Bed_Hours,Exercise_Duration_Minutes,0.002633313616636924,0.002633313616636924
BMI,Exercise_Duration_Minutes,-0.002629071435678685,0.002629071435678685
Sleep_Quality_Score,Outdoor_Time_Hours,0.0026034012952729523,0.0026034012952729523
Fast_Food_Meals_Per_Week,Productivity_Score,0.0025772457306664884,0.0025772457306664884
Number_of_Night_Awakenings,Nap_Frequency_Per_Week,-0.0025586171280421958,0.0025586171280421958
BMI,Energy_Level_Score,0.0025248652754089915,0.0025248652754089915
Fruit_Intake_Per_Day,Blood_Sugar_Level,-0.002503599620171684,0.002503599620171684
Sitting_Hours_Per_Day,Energy_Level_Score,-0.0025029013631896182,0.0025029013631896182
Sitting_Hours_Per_Day,Depression_Risk_Score,0.0024570321391852636,0.0024570321391852636
Sleep_Duration_Hours,Daily_Calorie_Intake,0.0024407564242202697,0.0024407564242202697
Water_Intake_Liters,Social_Interaction_Score,0.002403056956613888,0.002403056956613888
Protein_Intake_Grams,Sitting_Hours_Per_Day,-0.0023947648131084245,0.0023947648131084245
Daily_Steps,Fast_Food_Meals_Per_Week,-0.0023879896360035117,0.0023879896360035117
Water_Intake_Liters,Breakfast_Regularity_Score,-0.002387451435436002,0.002387451435436002
Screen_Time_Before_Bed_Hours,Cholesterol_Level,-0.0023625119316236886,0.0023625119316236886
Weekend_Sleep_Difference_Hours,Life_Satisfaction_Score,0.002346704444493451,0.002346704444493451
Sleep_Quality_Score,Vegetable_Intake_Per_Day,0.00232172028600638,0.00232172028600638
Nap_Frequency_Per_Week,Resting_Heart_Rate,-0.00230999053872751,0.00230999053872751
Weight_kg,Fatigue_Level_Score,-0.0023009998747546556,0.0023009998747546556
Sitting_Hours_Per_Day,Mood_Score,-0.0022811998453316634,0.0022811998453316634
Sleep_Duration_Hours,Exercise_Frequency_Per_Week,0.002265409353024058,0.002265409353024058
Exercise_Frequency_Per_Week,Sugary_Drinks_Per_Week,0.0022508138449059225,0.0022508138449059225
Blood_Sugar_Level,Focus_Concentration_Score,-0.0022210564332580075,0.0022210564332580075
Nap_Frequency_Per_Week,Stress_Level,-0.0021405645048481426,0.0021405645048481426
Sugary_Drinks_Per_Week,Mood_Score,-0.002131007419754487,0.002131007419754487
Nap_Frequency_Per_Week,Depression_Risk_Score,-0.002126010740506443,0.002126010740506443
Vegetable_Intake_Per_Day,Fatigue_Level_Score,-0.0020953351642480325,0.0020953351642480325
Sleep_Quality_Score,Resting_Heart_Rate,0.0019991435826523176,0.0019991435826523176
Breakfast_Regularity_Score,Working_Hours_Per_Day,-0.001975384964266215,0.001975384964266215
Fruit_Intake_Per_Day,Energy_Level_Score,0.0019564618271529157,0.0019564618271529157
BMI,Mood_Score,0.0019270150069723194,0.0019270150069723194
Number_of_Night_Awakenings,Protein_Intake_Grams,-0.0018759961316922816,0.0018759961316922816
Stress_Level,Outdoor_Time_Hours,0.0017679644127775067,0.0017679644127775067
Age,Breakfast_Regularity_Score,-0.0017657219998291447,0.0017657219998291447
Weight_kg,Sleep_Duration_Hours,0.0017514621990471443,0.0017514621990471443
Weight_kg,Focus_Concentration_Score,0.0017481490380954262,0.0017481490380954262
Sitting_Hours_Per_Day,Immune_Health_Score,0.0017200151956810374,0.0017200151956810374
Weight_kg,Exercise_Duration_Minutes,0.0017117978052417734,0.0017117978052417734
Protein_Intake_Grams,Working_Hours_Per_Day,-0.0016977083551391419,0.0016977083551391419
Exercise_Duration_Minutes,Fruit_Intake_Per_Day,-0.0015993570153576189,0.0015993570153576189
Weekend_Sleep_Difference_Hours,Screen_Time_Before_Bed_Hours,0.0015312025838475987,0.0015312025838475987
Weekend_Sleep_Difference_Hours,Productivity_Score,-0.0015239016866106273,0.0015239016866106273
Nap_Frequency_Per_Week,Mood_Score,0.0015215135629483272,0.0015215135629483272
Screen_Time_Before_Bed_Hours,Social_Interaction_Score,-0.0015009119916558377,0.0015009119916558377
Number_of_Night_Awakenings,Fruit_Intake_Per_Day,-0.001490690194962316,0.001490690194962316
BMI,Vegetable_Intake_Per_Day,0.001480306230897902,0.001480306230897902
Screen_Time_Before_Bed_Hours,Systolic_BP,0.0014796297860333037,0.0014796297860333037
Exercise_Duration_Minutes,Breakfast_Regularity_Score,-0.001419181776728104,0.001419181776728104
Sitting_Hours_Per_Day,Cholesterol_Level,0.001373827352173435,0.001373827352173435
Daily_Calorie_Intake,Social_Interaction_Score,-0.0013351962269701088,0.0013351962269701088
Weekend_Sleep_Difference_Hours,Fruit_Intake_Per_Day,-0.0013207838545975477,0.0013207838545975477
Sleep_Duration_Hours,Exercise_Duration_Minutes,-0.0013132998741620008,0.0013132998741620008
Breakfast_Regularity_Score,Systolic_BP,-0.0012794721708171205,0.0012794721708171205
Daily_Steps,Stress_Level,-0.0012774544500458002,0.0012774544500458002
Outdoor_Time_Hours,Social_Interaction_Score,0.0012544167374883856,0.0012544167374883856
Weekend_Sleep_Difference_Hours,Anxiety_Score,0.0012183591349166506,0.0012183591349166506
Daily_Calorie_Intake,Sugary_Drinks_Per_Week,0.0011806241032257289,0.0011806241032257289
Vegetable_Intake_Per_Day,Breakfast_Regularity_Score,-0.0011753388795720395,0.0011753388795720395
Nap_Frequency_Per_Week,Focus_Concentration_Score,-0.0011656557907611116,0.0011656557907611116
Social_Interaction_Score,Blood_Sugar_Level,-0.0011565800593220715,0.0011565800593220715
BMI,Water_Intake_Liters,-0.0011322802697170317,0.0011322802697170317
Screen_Time_Before_Bed_Hours,Breakfast_Regularity_Score,-0.0010721554534750502,0.0010721554534750502
Age,Sitting_Hours_Per_Day,0.001068575682416905,0.001068575682416905
Social_Interaction_Score,Cholesterol_Level,-0.0010356654977512444,0.0010356654977512444
Vegetable_Intake_Per_Day,Diastolic_BP,-0.0010023920509011524,0.0010023920509011524
Exercise_Duration_Minutes,Blood_Sugar_Level,-0.0009999691982063325,0.0009999691982063325
Number_of_Night_Awakenings,Outdoor_Time_Hours,-0.0009502571929132434,0.0009502571929132434
Weekend_Sleep_Difference_Hours,Exercise_Frequency_Per_Week,-0.0009128342050769992,0.0009128342050769992
Sugary_Drinks_Per_Week,Diastolic_BP,-0.0008795270419718036,0.0008795270419718036
Sitting_Hours_Per_Day,Outdoor_Time_Hours,-0.0007779608887162506,0.0007779608887162506
Weekend_Sleep_Difference_Hours,Protein_Intake_Grams,0.0007645630930353826,0.0007645630930353826
Weekend_Sleep_Difference_Hours,Nap_Frequency_Per_Week,-0.0007514939829675119,0.0007514939829675119
Exercise_Frequency_Per_Week,Fruit_Intake_Per_Day,-0.0007489115609635238,0.0007489115609635238
Nap_Frequency_Per_Week,Immune_Health_Score,0.0007325596372502213,0.0007325596372502213
Sleep_Duration_Hours,Social_Interaction_Score,0.0006807847196808093,0.0006807847196808093
Fast_Food_Meals_Per_Week,Sitting_Hours_Per_Day,0.000680207023473877,0.000680207023473877
Sleep_Duration_Hours,Protein_Intake_Grams,-0.0006635981924562909,0.0006635981924562909
Screen_Time_Before_Bed_Hours,Depression_Risk_Score,-0.0006436666357727141,0.0006436666357727141
Screen_Time_Before_Bed_Hours,Anxiety_Score,-0.0006165633519410773,0.0006165633519410773
Weight_kg,Sleep_Quality_Score,0.0005786295795465217,0.0005786295795465217
Nap_Frequency_Per_Week,Exercise_Duration_Minutes,0.0005503403572916054,0.0005503403572916054
Screen_Time_Before_Bed_Hours,Outdoor_Time_Hours,-0.0005102399847240275,0.0005102399847240275
Sleep_Duration_Hours,Daily_Steps,0.0004901142364163494,0.0004901142364163494
Weekend_Sleep_Difference_Hours,Stress_Level,-0.0004881565864438462,0.0004881565864438462
Age,Focus_Concentration_Score,0.00048777178612063697,0.00048777178612063697
Sitting_Hours_Per_Day,Blood_Sugar_Level,-0.0004724751810450039,0.0004724751810450039
Sleep_Duration_Hours,Cholesterol_Level,-0.00046582025503047854,0.00046582025503047854
BMI,Fruit_Intake_Per_Day,0.00045416179612861227,0.00045416179612861227
Age,Weekend_Sleep_Difference_Hours,-0.0004226632917837169,0.0004226632917837169
Number_of_Night_Awakenings,Exercise_Frequency_Per_Week,0.00031337149792076647,0.00031337149792076647
Working_Hours_Per_Day,Systolic_BP,-0.0003126325109433437,0.0003126325109433437
BMI,Outdoor_Time_Hours,0.0002697115948555456,0.0002697115948555456
Breakfast_Regularity_Score,Stress_Level,0.0002089523595879384,0.0002089523595879384
Screen_Time_Before_Bed_Hours,Exercise_Frequency_Per_Week,0.00017127733568075403,0.00017127733568075403
Sitting_Hours_Per_Day,Systolic_BP,0.00014138288855250396,0.00014138288855250396
Screen_Time_Before_Bed_Hours,Diastolic_BP,-0.00013443524207542765,0.00013443524207542765
BMI,Productivity_Score,9.872839608140455e-05,9.872839608140455e-05
Social_Interaction_Score,Immune_Health_Score,-9.273403308500087e-05,9.273403308500087e-05
Sleep_Quality_Score,Sugary_Drinks_Per_Week,8.249261999500246e-05,8.249261999500246e-05
Sugary_Drinks_Per_Week,Stress_Level,-5.3073835433284135e-05,5.3073835433284135e-05
Blood_Sugar_Level,Productivity_Score,-2.484736990904856e-05,2.484736990904856e-05
Weekend_Sleep_Difference_Hours,Blood_Sugar_Level,2.2166850220841367e-05,2.2166850220841367e-05
Fast_Food_Meals_Per_Week,Breakfast_Regularity_Score,4.9720589342851576e-06,4.9720589342851576e-06
