contract,family,model,alpha,l1_ratio,source_feature_count,engineered_feature_count,transformed_width_max,fold_r2_mean,fold_r2_std,oof_r2,oof_mae,oof_rmse,control_oof_r2,delta_vs_fixed_elastic_r2,total_fit_seconds
competition_proxy_inclusive,elastic_net,elastic_a0p003_l1_0p9,0.003,0.9,60,62,105,0.9796595948416252,0.0009461341192701428,0.9796625561007233,1.3818743880364188,1.7466177942717458,0.9796213695740751,4.118652664819589e-05,0.1280312000003505
competition_proxy_inclusive,elastic_net,elastic_a0p001_l1_0p9,0.001,0.9,60,62,105,0.9796539374050977,0.0009242545445898345,0.97965603996706,1.382450071351786,1.7468975807476772,0.9796213695740751,3.467039298488128e-05,0.363429399999859
competition_proxy_inclusive,elastic_net,elastic_a0p001_l1_0p7,0.001,0.7,60,62,105,0.9796393577052666,0.0009406726534914781,0.9796415306814531,1.3829902877559048,1.7475204122482644,0.9796213695740751,2.016110737801391e-05,0.4200453999999354
competition_proxy_inclusive,elastic_net,elastic_a0p0003_l1_0p9,0.0003,0.9,60,62,105,0.9796315478491039,0.000914332581865108,0.9796334228440269,1.383539481074766,1.7478683559169377,0.9796213695740751,1.205326995179501e-05,0.7902519999997821
competition_proxy_inclusive,elastic_net,elastic_a0p0003_l1_0p7,0.0003,0.7,60,62,105,0.979628996386181,0.0009188842858890494,0.9796308977798424,1.3836440417222675,1.7479767036025284,0.9796213695740751,9.52820576727298e-06,0.890139699999736
competition_proxy_inclusive,elastic_net,elastic_a0p0003_l1_0p5,0.0003,0.5,60,62,105,0.9796257474434187,0.0009235380710994926,0.9796276728813702,1.3837670195355385,1.7481150706311535,0.9796213695740751,6.303307295119076e-06,0.9303311999999551
competition_proxy_inclusive,elastic_net,elastic_a0p0001_l1_0p9,0.0001,0.9,60,62,105,0.9796240417498258,0.0009095846723872963,0.9796259212603108,1.3839334711614646,1.74819022084198,0.9796213695740751,4.551686235698682e-06,1.0929532000000108
competition_proxy_inclusive,elastic_net,elastic_a0p0001_l1_0p7,0.0001,0.7,60,62,105,0.9796230601207716,0.0009113193689797232,0.9796249423340059,1.3839655638772452,1.7482322185405987,0.9796213695740751,3.572759930792202e-06,1.0798931999997876
competition_proxy_inclusive,elastic_net,elastic_a0p0001_l1_0p5,0.0001,0.5,60,62,105,0.9796219744321067,0.0009130765808044837,0.9796238596237409,1.3839994639086444,1.7482786675827224,0.9796213695740751,2.490049665793137e-06,1.1511214000001928
competition_proxy_inclusive,elastic_net,elastic_a0p0003_l1_0p3,0.0003,0.3,60,62,105,0.9796218188650251,0.0009282006619007457,0.979623771365131,1.3839018836407786,1.748282453885598,0.9796213695740751,2.401791055928193e-06,0.9958601999999246
competition_proxy_inclusive,elastic_net,elastic_a0p0001_l1_0p3,0.0001,0.3,60,62,105,0.9796207818880003,0.0009148625227442289,0.9796226705352147,1.3840380441984457,1.7483296789062035,0.9796213695740751,1.3009611395942144e-06,1.312025500000118
competition_proxy_inclusive,elastic_net,elastic_a0p0001_l1_0p1,0.0001,0.1,60,62,105,0.9796195441761106,0.0009166575190057447,0.9796214354580441,1.3840790906689384,1.748382661544544,0.9796213695740751,6.588396905815586e-08,1.5486940999999206
competition_proxy_inclusive,elastic_net,elastic_a0p001_l1_0p5,0.001,0.5,60,62,105,0.9796191713447312,0.0009560018767001803,0.9796213695740751,1.3836877434620056,1.7483854878058285,0.9796213695740751,0.0,0.5810931999997138
competition_proxy_inclusive,ridge,ridge_a0p3,0.3,,60,62,105,0.9796188335244664,0.0009125804626429862,0.9796207092818268,1.3841374305054246,1.7484138124775417,0.9796213695740751,-6.602922483223139e-07,0.03607669999996688
competition_proxy_inclusive,ridge,ridge_a0p1,0.1,,60,62,105,0.9796185268353075,0.000909619615851396,0.9796203940220675,1.3841680957133522,1.7484273360685614,0.9796213695740751,-9.755520076204505e-07,0.03557490000025609
competition_proxy_inclusive,ridge,ridge_a1,1.0,,60,62,105,0.9796183708782417,0.0009227421553360033,0.9796202827010689,1.3840820545271362,1.74843211134271,0.9796213695740751,-1.0868730061508458e-06,0.035473500000080094
competition_proxy_inclusive,ridge,ridge_a0p01,0.01,,60,62,105,0.9796183223703476,0.0009082787224781252,0.9796201859876601,1.3841829676949204,1.748436259992726,0.9796213695740751,-1.1835864149878361e-06,0.03759760000002643
competition_proxy_inclusive,elastic_net,elastic_a0p0003_l1_0p1,0.0003,0.1,60,62,105,0.9796170355146888,0.0009331028894542832,0.9796190024722471,1.3840671284069614,1.7484870276596771,0.9796213695740751,-2.3671018279936007e-06,1.2593841999998858
competition_proxy_inclusive,ridge,ridge_a3,3.0,,60,62,105,0.9796052934394028,0.0009501604087260138,0.9796073454590346,1.3844333260096802,1.7489869841208976,0.9796213695740751,-1.4024115040478513e-05,0.03359700000032717
competition_proxy_inclusive,elastic_net,elastic_a0p001_l1_0p3,0.001,0.3,60,62,105,0.9795939578489072,0.000971007460381386,0.9795961950623356,1.3846463804322815,1.7494650786609585,0.9796213695740751,-2.5174511739445293e-05,0.7003519000004417
competition_proxy_inclusive,elastic_net,elastic_a0p003_l1_0p7,0.003,0.7,60,62,105,0.9795807383789239,0.0009894939277190432,0.9795837699883737,1.384793960599115,1.7499976735568747,0.9796213695740751,-3.759958570137556e-05,0.15490370000020448
competition_proxy_inclusive,elastic_net,elastic_a0p001_l1_0p1,0.001,0.1,60,62,105,0.9795660116565965,0.0009850932456500637,0.9795683320344073,1.3857249525865956,1.7506591883972134,0.9796213695740751,-5.303753966778846e-05,0.8911314999998012
competition_proxy_inclusive,elastic_net,elastic_a0p003_l1_0p5,0.003,0.5,60,62,105,0.9794745575495538,0.00102846793693641,0.9794777434008404,1.388721523891838,1.7545358769335606,0.9796213695740751,-0.00014362617323471216,0.18699489999971775
competition_proxy_inclusive,ridge,ridge_a10,10.0,,60,62,105,0.9794592765179955,0.001030817522703537,0.9794620137966208,1.389636027204242,1.7552081438591396,0.9796213695740751,-0.0001593557774542953,0.04029809999974532
competition_proxy_inclusive,elastic_net,elastic_a0p003_l1_0p3,0.003,0.3,60,62,105,0.9793481205561267,0.0010622467640489595,0.9793515761404333,1.393355321515009,1.7599209036068115,0.9796213695740751,-0.0002697934336417518,0.2513560000002144
competition_proxy_inclusive,elastic_net,elastic_a0p01_l1_0p9,0.01,0.9,60,62,105,0.9792708010251745,0.0009826099704567178,0.9792771330410458,1.3943969620509202,1.7630905424835042,0.9796213695740751,-0.00034423653302928514,0.08663930000011533
competition_proxy_inclusive,elastic_net,elastic_a0p003_l1_0p1,0.003,0.1,60,62,105,0.9792044665086962,0.0010955867722962332,0.9792081228875115,1.3984841612485956,1.7660237761413322,0.9796213695740751,-0.0004132466865636175,0.5239719999999579
competition_proxy_inclusive,elastic_net,elastic_a0p01_l1_0p7,0.01,0.7,60,62,105,0.9788300224808675,0.0010874635046523085,0.9788366008783289,1.4101166516916608,1.7817321131409911,0.9796213695740751,-0.0007847686957461741,0.09713310000029196
competition_proxy_inclusive,ridge,ridge_a30,30.0,,60,62,105,0.9786537997173091,0.0011795634840520764,0.9786587657118241,1.4173005344977754,1.7892023635042953,0.9796213695740751,-0.0009626038622509991,0.03847569999993539
competition_proxy_inclusive,elastic_net,elastic_a0p01_l1_0p5,0.01,0.5,60,62,105,0.9783326409187412,0.0011646388423723864,0.9783394361602317,1.4273334940239657,1.802538606356857,0.9796213695740751,-0.0012819334138434169,0.12647889999993822
competition_proxy_inclusive,elastic_net,elastic_a0p01_l1_0p3,0.01,0.3,60,62,105,0.9778270989801904,0.0012300083106030102,0.9778342128171762,1.4448072185996617,1.8234391539612618,0.9796213695740751,-0.0017871567568988889,0.11972170000012738
competition_proxy_inclusive,elastic_net,elastic_a0p01_l1_0p1,0.01,0.1,60,62,105,0.9773370243668766,0.0012780109627885264,0.977344613185787,1.4614333493433664,1.8434672951666562,0.9796213695740751,-0.0022767563882880593,0.15698629999997138
scientific_proxy_removed,elastic_net,elastic_a0p01_l1_0p9,0.01,0.9,59,61,104,0.927645129349488,0.0016283823273081444,0.9276701162922294,2.61493418772486,3.2938861173254437,0.9275015979762417,0.00016851831598774236,0.1573332999998911
scientific_proxy_removed,elastic_net,elastic_a0p003_l1_0p9,0.003,0.9,59,61,104,0.9276361602874628,0.0017987309268670678,0.927662656079972,2.6146897681051016,3.2940559811129506,0.9275015979762417,0.00016105810373034934,0.27828569999974206
scientific_proxy_removed,elastic_net,elastic_a0p003_l1_0p7,0.003,0.7,59,61,104,0.9275838149718639,0.001789965792976137,0.9276102246732538,2.6162667188626045,3.295249560353556,0.9275015979762417,0.00010862669701217076,0.26405659999977615
scientific_proxy_removed,elastic_net,elastic_a0p003_l1_0p5,0.003,0.5,59,61,104,0.9275199473250717,0.0017822374050369104,0.9275462345072693,2.6178178076228322,3.296705684418432,0.9275015979762417,4.463653102759757e-05,0.26571089999970354
scientific_proxy_removed,elastic_net,elastic_a0p001_l1_0p9,0.001,0.9,59,61,104,0.9274985666239808,0.001894501486221241,0.9275257221858976,2.6166433864671026,3.297172315107024,0.9275015979762417,2.4124209655917994e-05,0.662909200000513
scientific_proxy_removed,elastic_net,elastic_a0p001_l1_0p7,0.001,0.7,59,61,104,0.9274869732181259,0.001893363724855328,0.9275139486316056,2.6169403295101676,3.2974401195059895,0.9275015979762417,1.2350655363979612e-05,0.7720802999999705
scientific_proxy_removed,elastic_net,elastic_a0p001_l1_0p5,0.001,0.5,59,61,104,0.9274746279149138,0.001891894151688314,0.9275015979762417,2.6172344807351884,3.2977210274262467,0.9275015979762417,0.0,0.8129308000002311
scientific_proxy_removed,elastic_net,elastic_a0p001_l1_0p3,0.001,0.3,59,61,104,0.9274608897160757,0.0018901197814604367,0.9274878272734708,2.6175752358236712,3.2980342052245524,0.9275015979762417,-1.3770702770865562e-05,0.9057958000000781
scientific_proxy_removed,elastic_net,elastic_a0p001_l1_0p1,0.001,0.1,59,61,104,0.9274415487161448,0.0018881808716759887,0.9274686229799005,2.6179917223569884,3.2984709058619397,0.9275015979762417,-3.297499634113965e-05,1.2452508000001217
scientific_proxy_removed,elastic_net,elastic_a0p003_l1_0p3,0.003,0.3,59,61,104,0.9274377625456591,0.0017727006053164852,0.9274636689474873,2.619591937669263,3.298583549888818,0.9275015979762417,-3.7929028754324356e-05,0.3625811000001704
scientific_proxy_removed,elastic_net,elastic_a0p0003_l1_0p9,0.0003,0.9,59,61,104,0.9274341780341369,0.00194144681118868,0.927462481776826,2.6175357980499037,3.298610543021328,0.9275015979762417,-3.911619941565636e-05,1.1708909000003587
scientific_proxy_removed,elastic_net,elastic_a0p0003_l1_0p7,0.0003,0.7,59,61,104,0.9274313755890466,0.0019414617418055027,0.9274596822884645,2.617591989487392,3.298674195135121,0.9275015979762417,-4.191568777711652e-05,1.281296599999905
scientific_proxy_removed,elastic_net,elastic_a0p0003_l1_0p5,0.0003,0.5,59,61,104,0.9274284516489673,0.0019416698974625884,0.927456758227475,2.617656652317337,3.298740678351876,0.9275015979762417,-4.483974876667851e-05,1.416546400000243
scientific_proxy_removed,ridge,ridge_a3,3.0,,59,61,104,0.9274266013609079,0.001928067158529338,0.9274545324041739,2.617868406387853,3.298791285116658,0.9275015979762417,-4.7065572067794825e-05,0.031433500000503045
scientific_proxy_removed,elastic_net,elastic_a0p0003_l1_0p3,0.0003,0.3,59,61,104,0.9274251524203103,0.0019418035990521275,0.9274534620995594,2.6177293381970532,3.29881561950052,0.9275015979762417,-4.8135876682287027e-05,1.5797695000001113
scientific_proxy_removed,elastic_net,elastic_a0p0003_l1_0p1,0.0003,0.1,59,61,104,0.9274213339714412,0.0019418934770510593,0.9274496332764273,2.6178168454676465,3.2989026699323536,0.9275015979762417,-5.196469981438856e-05,1.8077712000001611
scientific_proxy_removed,ridge,ridge_a10,10.0,,59,61,104,0.9274131894407207,0.0018474351407009614,0.9274397285060809,2.619114488705025,3.299127849760362,0.9275015979762417,-6.186947016073585e-05,0.032570899999882386
scientific_proxy_removed,ridge,ridge_a1,1.0,,59,61,104,0.9274103041355033,0.001954442935111426,0.9274390011449403,2.6179150045468327,3.2991443853337055,0.9275015979762417,-6.259683130138693e-05,0.03113379999990684
scientific_proxy_removed,elastic_net,elastic_a0p0001_l1_0p9,0.0001,0.9,59,61,104,0.927409350985665,0.001959514396184939,0.9274382713326649,2.617867459510761,3.2991609765469914,0.9275015979762417,-6.332664357677764e-05,1.61143479999987
scientific_proxy_removed,elastic_net,elastic_a0p0001_l1_0p7,0.0001,0.7,59,61,104,0.9274085424553412,0.0019595211640273573,0.927437446875211,2.617886355600711,3.2991797192794365,0.9275015979762417,-6.415110103064059e-05,1.674163000000135
scientific_proxy_removed,elastic_net,elastic_a0p0001_l1_0p5,0.0001,0.5,59,61,104,0.9274076816596587,0.001959522715883954,0.9274365715121751,2.617906769688694,3.2991996191529998,0.9275015979762417,-6.502646406658652e-05,1.7894556999999622
scientific_proxy_removed,elastic_net,elastic_a0p0001_l1_0p3,0.0001,0.3,59,61,104,0.9274069310926244,0.001959546463002124,0.9274358149299957,2.6179247443078264,3.299216818651313,0.9275015979762417,-6.578304624593745e-05,2.0204817999999705
scientific_proxy_removed,elastic_net,elastic_a0p0001_l1_0p1,0.0001,0.1,59,61,104,0.9274061244983169,0.001959566220714966,0.9274350025705065,2.617945108908465,3.2992352860439134,0.9275015979762417,-6.659540573517031e-05,2.3839808000000176
scientific_proxy_removed,ridge,ridge_a0p3,0.3,,59,61,104,0.9274007382193672,0.0019645892979626056,0.9274297980528249,2.6180054278750067,3.299353598047751,0.9275015979762417,-7.1799923416771e-05,0.031286300000147094
scientific_proxy_removed,ridge,ridge_a0p1,0.1,,59,61,104,0.9273975041527589,0.001967630583751048,0.9274266808909964,2.618039877632139,3.2994244570806606,0.9275015979762417,-7.491708524520746e-05,0.033314099999643076
scientific_proxy_removed,ridge,ridge_a0p01,0.01,,59,61,104,0.9273959660736294,0.001969024437592597,0.9274251976526012,2.6180563321237305,3.299458173383652,0.9275015979762417,-7.640032364042426e-05,0.03394520000006196
scientific_proxy_removed,elastic_net,elastic_a0p01_l1_0p7,0.01,0.7,59,61,104,0.9273943744624988,0.0015511266412761365,0.9274193999540895,2.6208888564606085,3.299589960733383,0.9275015979762417,-8.219802215214678e-05,0.2218192000000272
scientific_proxy_removed,elastic_net,elastic_a0p003_l1_0p1,0.003,0.1,59,61,104,0.9273467022065915,0.0017597796674284198,0.9273723139048102,2.621419526167801,3.300660077718421,0.9275015979762417,-0.00012928407143142362,0.5091574000000492
scientific_proxy_removed,ridge,ridge_a30,30.0,,59,61,104,0.9270869388808756,0.0016559992760431285,0.9271120708876524,2.6272492041868145,3.30656833171849,0.9275015979762417,-0.0003895270885893032,0.030588100000159102
scientific_proxy_removed,elastic_net,elastic_a0p01_l1_0p5,0.01,0.5,59,61,104,0.9270633302352984,0.001483317747876322,0.9270884997772788,2.628110154198497,3.30710294141238,0.9275015979762417,-0.00041309819896284683,0.23150820000023487
scientific_proxy_removed,elastic_net,elastic_a0p01_l1_0p3,0.01,0.3,59,61,104,0.9266865033576854,0.0014337773556961052,0.9267117445655675,2.636037151939319,3.315636319815674,0.9275015979762417,-0.0007898534106741684,0.21298560000013822
scientific_proxy_removed,elastic_net,elastic_a0p01_l1_0p1,0.01,0.1,59,61,104,0.9262902378399485,0.001412266555577091,0.9263150431743464,2.6441742229127057,3.3245977994976905,0.9275015979762417,-0.0011865548018952232,0.20958260000020346
