contract,fold,model,raw_feature_count,transformed_width,r2,adjusted_r2_raw,adjusted_r2_transformed,mae,rmse,transform_seconds,fit_seconds
competition,0,dummy_mean,62,1064,-0.00036351583219906836,-0.00036351583219906836,-0.00036351583219906836,0.9274524609375001,1.1581890237337193,0.374869100000069,0.0006755000013072276
competition,0,ordinary_least_squares,62,1064,0.5111855996227948,0.4914676472328229,-0.46096117047317997,0.642321019045286,0.8096037637408615,0.374869100000069,1.4295602000001963
competition,0,ridge_fixed,62,1064,0.5841205634445008,0.5673446850668554,-0.24297424121914624,0.5960148927685269,0.7467655007561881,0.374869100000069,0.10570619999998598
competition,0,elastic_net_fixed,62,1064,0.6061103830967809,0.5902215371319146,-0.17725139706214454,0.5809933630511835,0.7267545995245838,0.374869100000069,0.2396636999983457
competition,0,pls_8,62,1064,0.6065247843688815,0.5906526546557199,-0.17601284073674495,0.581047533089862,0.7263721988822114,0.374869100000069,0.17033740000078978
competition,1,dummy_mean,62,1068,-0.0003971141165832748,-0.0003971141165832748,-0.0003971141165832748,0.925468359375,1.1426365978627635,0.11398280000139493,0.0005268000004434725
competition,1,ordinary_least_squares,62,1068,0.3281350547381725,0.30103315063522296,-1.0231865300822265,0.6472603368580558,0.9364032365492213,0.11398280000139493,1.787317800000892
competition,1,ridge_fixed,62,1068,0.6034550723237679,0.5874591155795088,-0.19411551667475524,0.5643746607603175,0.7193961586840473,0.11398280000139493,0.11804930000107561
competition,1,elastic_net_fixed,62,1068,0.6211430174996602,0.6058605627729061,-0.14085181735978036,0.550460034080677,0.7031687519638555,0.11398280000139493,0.2797439000005397
competition,1,pls_8,62,1068,0.6215562899891867,0.6062905059809431,-0.13960733014555649,0.5525089388538307,0.7027851248868893,0.11398280000139493,0.2132300999983272
competition,2,dummy_mean,62,1069,-0.00597889816617192,-0.00597889816617192,-0.00597889816617192,0.9204303515625,1.1394485615481125,0.1682462000007945,0.0005968999994365731
competition,2,ordinary_least_squares,62,1069,0.3485433343830615,0.3222646660237576,-0.9654324685311029,0.6518053447355676,0.9169445109966358,0.1682462000007945,1.7178366000007372
competition,2,ridge_fixed,62,1069,0.5913726665850362,0.5748893258747384,-0.23282095496325872,0.5796979587704066,0.7262129612790506,0.1682462000007945,0.1216043999993417
competition,2,elastic_net_fixed,62,1069,0.6065885169017867,0.5907189580520215,-0.18691502164913776,0.5671076086307569,0.712563881691218,0.1682462000007945,0.2571952999987843
competition,2,pls_8,62,1069,0.6113264028320048,0.5956479623476745,-0.1726209091917439,0.5638155646703679,0.7082601530195946,0.1682462000007945,0.2012295999993512
competition,3,dummy_mean,62,1064,-0.0011643164373302817,-0.0011643164373302817,-0.0011643164373302817,0.9242746875000001,1.149118257417943,0.158275899999353,0.0007636999998794636
competition,3,ordinary_least_squares,62,1064,0.417516087495159,0.3940196642191016,-0.7409192076546556,0.6458117815279135,0.8765042200791594,0.158275899999353,1.1556385000003502
competition,3,ridge_fixed,62,1064,0.6031085951237891,0.5870986620708776,-0.18622309606927323,0.5733414675756013,0.7235155853768545,0.158275899999353,0.10101539999959641
competition,3,elastic_net_fixed,62,1064,0.6147177487425618,0.5991761094595682,-0.15152583132830588,0.5657243042087782,0.7128555665539675,0.158275899999353,0.4916496999994706
competition,3,pls_8,62,1064,0.6120754313077126,0.5964272053747772,-0.15942315016629438,0.5666235480083427,0.7152958194247673,0.158275899999353,0.23251789999994799
competition,4,dummy_mean,62,1054,-0.0018845450197191305,-0.0018845450197191305,-0.0018845450197191305,0.9147795703124999,1.1377261283648463,0.15957689999959257,0.0006951000013941666
competition,4,ordinary_least_squares,62,1054,0.5457288944134612,0.5274043605511545,-0.33280641804197364,0.6143800124543916,0.7661017427407314,0.15957689999959257,1.2059241000006296
competition,4,ridge_fixed,62,1054,0.6100443244526401,0.5943141670785761,-0.14410848660592368,0.573752320029895,0.7098008516869372,0.15957689999959257,0.10613439999906404
competition,4,elastic_net_fixed,62,1054,0.6269787291923254,0.611931677279459,-0.09442387526875518,0.5620629796278963,0.6942177153255992,0.15957689999959257,0.2458848999995098
competition,4,pls_8,62,1054,0.6270515446284148,0.6120074299680125,-0.09421023878745816,0.5612693503749538,0.6941499548025875,0.15957689999959257,0.21186679999846092
scientific_proxy_removed,0,dummy_mean,58,1056,-0.00036351583219906836,-0.00036351583219906836,-0.00036351583219906836,0.9274524609375001,1.1581890237337193,0.17600140000104147,0.0006809999995311955
scientific_proxy_removed,0,ordinary_least_squares,58,1056,0.5112378536342899,0.49284187408256297,-0.43928300559626243,0.6424081085935286,0.8095604894684569,0.17600140000104147,1.2844826000000467
scientific_proxy_removed,0,ridge_fixed,58,1056,0.5843932439729951,0.568750679502154,-0.22385856885300326,0.5959666877563043,0.746520643974609,0.17600140000104147,0.12692059999972116
scientific_proxy_removed,0,elastic_net_fixed,58,1056,0.6061786108766833,0.5913560018116915,-0.1597060795730818,0.5810710314777672,0.726691654224513,0.17600140000104147,0.25074900000072375
scientific_proxy_removed,0,pls_8,58,1056,0.6078919319675333,0.5931338087060907,-0.1546607749243356,0.5802374039004742,0.7251091941539153,0.17600140000104147,0.20247510000081093
scientific_proxy_removed,1,dummy_mean,58,1060,-0.0003971141165832748,-0.0003971141165832748,-0.0003971141165832748,0.925468359375,1.1426365978627635,0.17216149999876507,0.0009543000014673453
scientific_proxy_removed,1,ordinary_least_squares,58,1060,0.3039699230165467,0.2777728143435809,-1.0648461838525822,0.6495116410311348,0.9530944012824737,0.17216149999876507,1.0107391000001371
scientific_proxy_removed,1,ridge_fixed,58,1060,0.6040707456700474,0.5891688009905294,-0.17456563575805983,0.5643166069216798,0.7188374766041203,0.17216149999876507,0.09265830000003916
scientific_proxy_removed,1,elastic_net_fixed,58,1060,0.6211749475737681,0.6069167690917945,-0.12382422788412772,0.5504697642513942,0.7031391198012108,0.17216149999876507,0.20645800000056624
scientific_proxy_removed,1,pls_8,58,1060,0.6230206230085061,0.6088319118693065,-0.11834883823636111,0.5510670457970932,0.7014241445526701,0.17216149999876507,0.19282940000084636
scientific_proxy_removed,2,dummy_mean,58,1061,-0.00597889816617192,-0.00597889816617192,-0.00597889816617192,0.9204303515625,1.1394485615481125,0.16330939999897964,0.0005368000001908513
scientific_proxy_removed,2,ordinary_least_squares,58,1061,0.32691492057001925,0.3015814133624015,-1.00048892566643,0.653317791206145,0.9320415442816581,0.16330939999897964,1.136248799999521
scientific_proxy_removed,2,ridge_fixed,58,1061,0.5919250663239679,0.5765659838105286,-0.21284724711519587,0.5792775873163714,0.7257219325527025,0.16330939999897964,0.10244570000031672
scientific_proxy_removed,2,elastic_net_fixed,58,1061,0.606943517705907,0.592149698125727,-0.1682106230264957,0.5667816721095861,0.7122423127317957,0.16330939999897964,0.24271609999959765
scientific_proxy_removed,2,pls_8,58,1061,0.6115377193405127,0.5969168158504088,-0.15455610924632013,0.5638810654621245,0.7080675911730262,0.16330939999897964,0.1936848999994254
scientific_proxy_removed,3,dummy_mean,58,1056,-0.0011643164373302817,-0.0011643164373302817,-0.0011643164373302817,0.9242746875000001,1.149118257417943,0.13234229999943636,0.0006243999996513594
scientific_proxy_removed,3,ordinary_least_squares,58,1056,0.42701412450304876,0.4054481408698085,-0.6873009482866024,0.6430130258941505,0.8693286687672578,0.13234229999943636,1.0466682000005676
scientific_proxy_removed,3,ridge_fixed,58,1056,0.6057095680404359,0.5908693051892646,-0.16108729411297062,0.5717612283983665,0.721140958885964,0.13234229999943636,0.10206550000111747
scientific_proxy_removed,3,elastic_net_fixed,58,1056,0.6165711337992793,0.6021396774464942,-0.12910268334245378,0.5648408764927805,0.7111389178196565,0.13234229999943636,0.20208379999894532
scientific_proxy_removed,3,pls_8,58,1056,0.6143814427065709,0.5998675709849494,-0.13555077921214198,0.5652413326876484,0.7131666181741495,0.13234229999943636,0.2087042000002839
scientific_proxy_removed,4,dummy_mean,58,1046,-0.0018845450197191305,-0.0018845450197191305,-0.0018845450197191305,0.9147795703124999,1.1377261283648463,0.1324012999994011,0.0004960000005667098
scientific_proxy_removed,4,ordinary_least_squares,58,1046,0.5459394591205939,0.5288495750381763,-0.31291646449578714,0.6142130452898814,0.7659241696080862,0.1324012999994011,2.5556225999989692
scientific_proxy_removed,4,ridge_fixed,58,1046,0.6100455050207794,0.5953684377211073,-0.1275537748133342,0.5735300925938688,0.7097997772457154,0.1324012999994011,0.09978380000029574
scientific_proxy_removed,4,elastic_net_fixed,58,1046,0.6269658151312448,0.612925592728657,-0.07862868283027025,0.5618883066438991,0.6942297321904377,0.1324012999994011,0.19549730000107957
scientific_proxy_removed,4,pls_8,58,1046,0.6294154941058584,0.6154674724693494,-0.07154543386027568,0.5598869297286394,0.6919465082436769,0.1324012999994011,0.194771700000274
