contract,fold,family,model,alpha,l1_ratio,source_feature_count,engineered_feature_count,transformed_width,r2,mae,rmse,fit_seconds
competition_proxy_inclusive,0,ridge,ridge_a0p01,0.01,,60,62,105,0.9790855719051177,1.4046267274513111,1.7590679829846751,0.00803859999996348
competition_proxy_inclusive,0,ridge,ridge_a0p1,0.1,,60,62,105,0.9790842484095087,1.4046638781194283,1.7591236403019632,0.0075475000001006265
competition_proxy_inclusive,0,ridge,ridge_a0p3,0.3,,60,62,105,0.9790811690829166,1.404751344038241,1.7592531292380624,0.009085099999992963
competition_proxy_inclusive,0,ridge,ridge_a1,1.0,,60,62,105,0.9790689627432962,1.4050999639973958,1.7597663249705304,0.0073400999999648775
competition_proxy_inclusive,0,ridge,ridge_a3,3.0,,60,62,105,0.9790232884914991,1.406338110303965,1.7616852984377391,0.007284600000048158
competition_proxy_inclusive,0,ridge,ridge_a10,10.0,,60,62,105,0.9787734096297526,1.4135476469428443,1.772147012274959,0.009716199999957098
competition_proxy_inclusive,0,ridge,ridge_a30,30.0,,60,62,105,0.9777377202016727,1.4467867102969654,1.8148655035457588,0.009634000000005472
competition_proxy_inclusive,0,elastic_net,elastic_a0p0001_l1_0p1,0.0001,0.1,60,62,105,0.9790769580384889,1.4048597567321832,1.7594301926773117,0.3314321000000291
competition_proxy_inclusive,0,elastic_net,elastic_a0p0001_l1_0p3,0.0001,0.3,60,62,105,0.9790797890754428,1.4047418920725394,1.7593111569174682,0.2700665999998364
competition_proxy_inclusive,0,elastic_net,elastic_a0p0001_l1_0p5,0.0001,0.5,60,62,105,0.9790825464169118,1.4046231931621564,1.7591952120667569,0.22142570000005435
competition_proxy_inclusive,0,elastic_net,elastic_a0p0001_l1_0p7,0.0001,0.7,60,62,105,0.9790850849072676,1.4045186598008166,1.759088463041194,0.1986768999997821
competition_proxy_inclusive,0,elastic_net,elastic_a0p0001_l1_0p9,0.0001,0.9,60,62,105,0.9790873951370034,1.4044221709993367,1.7589913072390726,0.18404439999994793
competition_proxy_inclusive,0,elastic_net,elastic_a0p0003_l1_0p1,0.0003,0.1,60,62,105,0.9790547406376414,1.4054470103797367,1.7603640816019261,0.23908899999992173
competition_proxy_inclusive,0,elastic_net,elastic_a0p0003_l1_0p3,0.0003,0.3,60,62,105,0.979063732555545,1.4051287194852011,1.75998617392678,0.1839330999998765
competition_proxy_inclusive,0,elastic_net,elastic_a0p0003_l1_0p5,0.0003,0.5,60,62,105,0.9790721688692068,1.4048097366185275,1.7596315431053549,0.15319429999999556
competition_proxy_inclusive,0,elastic_net,elastic_a0p0003_l1_0p7,0.0003,0.7,60,62,105,0.9790794266691065,1.4044944674939337,1.759326395357269,0.13532850000001417
competition_proxy_inclusive,0,elastic_net,elastic_a0p0003_l1_0p9,0.0003,0.9,60,62,105,0.9790856541029298,1.4041768692646075,1.7590645262398612,0.12529369999992923
competition_proxy_inclusive,0,elastic_net,elastic_a0p001_l1_0p1,0.001,0.1,60,62,105,0.9789395369065709,1.4085383307477506,1.7651986460416653,0.15052189999983057
competition_proxy_inclusive,0,elastic_net,elastic_a0p001_l1_0p3,0.001,0.3,60,62,105,0.9789818779716548,1.4070921571581863,1.7634233290949037,0.09790190000012444
competition_proxy_inclusive,0,elastic_net,elastic_a0p001_l1_0p5,0.001,0.5,60,62,105,0.9790182220643598,1.405808320691137,1.7618980322434035,0.07553519999987657
competition_proxy_inclusive,0,elastic_net,elastic_a0p001_l1_0p7,0.001,0.7,60,62,105,0.9790485721956487,1.404816431213837,1.7606232787828495,0.06583049999994728
competition_proxy_inclusive,0,elastic_net,elastic_a0p001_l1_0p9,0.001,0.9,60,62,105,0.9790759048975728,1.4039755843945017,1.7594744717217443,0.05196399999999812
competition_proxy_inclusive,0,elastic_net,elastic_a0p003_l1_0p1,0.003,0.1,60,62,105,0.9784222567790648,1.424259903463615,1.7867452560474582,0.07506660000012744
competition_proxy_inclusive,0,elastic_net,elastic_a0p003_l1_0p3,0.003,0.3,60,62,105,0.9786054680972076,1.418528537597593,1.7791436782975434,0.03933690000008028
competition_proxy_inclusive,0,elastic_net,elastic_a0p003_l1_0p5,0.003,0.5,60,62,105,0.9787746091892894,1.4133778195977758,1.7720969376787468,0.03236339999989468
competition_proxy_inclusive,0,elastic_net,elastic_a0p003_l1_0p7,0.003,0.7,60,62,105,0.9789241992975866,1.408199731110975,1.7658412957078873,0.02782999999999447
competition_proxy_inclusive,0,elastic_net,elastic_a0p003_l1_0p9,0.003,0.9,60,62,105,0.9790459098768605,1.4043598063758045,1.7607351373058369,0.026387300000124014
competition_proxy_inclusive,0,elastic_net,elastic_a0p01_l1_0p1,0.01,0.1,60,62,105,0.9762291262940521,1.4953646285068498,1.8753494252879435,0.02564429999983986
competition_proxy_inclusive,0,elastic_net,elastic_a0p01_l1_0p3,0.01,0.3,60,62,105,0.9768187461532672,1.4768887532618529,1.85194501754098,0.021665600000005725
competition_proxy_inclusive,0,elastic_net,elastic_a0p01_l1_0p5,0.01,0.5,60,62,105,0.9774372747797144,1.4568295543843237,1.827070916726329,0.026218700000072204
competition_proxy_inclusive,0,elastic_net,elastic_a0p01_l1_0p7,0.01,0.7,60,62,105,0.9780436399505869,1.437086342628969,1.8023527741562497,0.019438300000047093
competition_proxy_inclusive,0,elastic_net,elastic_a0p01_l1_0p9,0.01,0.9,60,62,105,0.9786172773840683,1.416724218245753,1.7786525874366725,0.016466900000068563
competition_proxy_inclusive,1,ridge,ridge_a0p01,0.01,,60,62,105,0.9797567801375857,1.3586804013608031,1.7363740522247917,0.007251400000086505
competition_proxy_inclusive,1,ridge,ridge_a0p1,0.1,,60,62,105,0.9797563411091819,1.3586924755863727,1.736392881082073,0.0056931000001441134
competition_proxy_inclusive,1,ridge,ridge_a0p3,0.3,,60,62,105,0.9797552367267959,1.3587193029511877,1.736440244445834,0.006821899999977177
competition_proxy_inclusive,1,ridge,ridge_a1,1.0,,60,62,105,0.97975001175266,1.358813257268869,1.7366643090573863,0.00794169999994665
competition_proxy_inclusive,1,ridge,ridge_a3,3.0,,60,62,105,0.9797243699604995,1.359335301434364,1.7377634972791776,0.006541900000001988
competition_proxy_inclusive,1,ridge,ridge_a10,10.0,,60,62,105,0.9795402020719888,1.3653311136821162,1.7456378954334806,0.008062899999913498
competition_proxy_inclusive,1,ridge,ridge_a30,30.0,,60,62,105,0.978649459176032,1.3923262994393835,1.7832323390081541,0.007360299999845665
competition_proxy_inclusive,1,elastic_net,elastic_a0p0001_l1_0p1,0.0001,0.1,60,62,105,0.9797536661217874,1.3587401897725329,1.7365076003544782,0.27683390000015606
competition_proxy_inclusive,1,elastic_net,elastic_a0p0001_l1_0p3,0.0001,0.3,60,62,105,0.9797549585877565,1.358687726336126,1.7364521727197306,0.23171720000004825
competition_proxy_inclusive,1,elastic_net,elastic_a0p0001_l1_0p5,0.0001,0.5,60,62,105,0.9797561911881616,1.3586363197174882,1.7363993107821492,0.21674730000017917
competition_proxy_inclusive,1,elastic_net,elastic_a0p0001_l1_0p7,0.0001,0.7,60,62,105,0.9797573051055047,1.3585872368249923,1.736351537363298,0.21140680000007706
competition_proxy_inclusive,1,elastic_net,elastic_a0p0001_l1_0p9,0.0001,0.9,60,62,105,0.9797583216447807,1.358539060443539,1.736307939124431,0.1997086000001218
competition_proxy_inclusive,1,elastic_net,elastic_a0p0003_l1_0p1,0.0003,0.1,60,62,105,0.9797428512112235,1.3589234184443564,1.7369713304114704,0.24111130000005687
competition_proxy_inclusive,1,elastic_net,elastic_a0p0003_l1_0p3,0.0003,0.3,60,62,105,0.9797479352218917,1.3587671202319667,1.7367533497121819,0.18480159999990065
competition_proxy_inclusive,1,elastic_net,elastic_a0p0003_l1_0p5,0.0003,0.5,60,62,105,0.9797518842731099,1.358630741868224,1.7365840123536571,0.18872929999997723
competition_proxy_inclusive,1,elastic_net,elastic_a0p0003_l1_0p7,0.0003,0.7,60,62,105,0.9797550087291164,1.3584942466828769,1.7364500223628727,0.21871949999990647
competition_proxy_inclusive,1,elastic_net,elastic_a0p0003_l1_0p9,0.0003,0.9,60,62,105,0.9797575626591263,1.3583555172126358,1.7363404912784886,0.1472375999999258
competition_proxy_inclusive,1,elastic_net,elastic_a0p001_l1_0p1,0.001,0.1,60,62,105,0.9796659309253666,1.3610332412081356,1.7402660126681724,0.1727325000001656
competition_proxy_inclusive,1,elastic_net,elastic_a0p001_l1_0p3,0.001,0.3,60,62,105,0.9796937535734035,1.3599374387624588,1.7390750217623427,0.10609020000015335
competition_proxy_inclusive,1,elastic_net,elastic_a0p001_l1_0p5,0.001,0.5,60,62,105,0.9797204185063618,1.3589630579301004,1.7379328226768063,0.07944780000002538
competition_proxy_inclusive,1,elastic_net,elastic_a0p001_l1_0p7,0.001,0.7,60,62,105,0.9797397447001994,1.3583987752933466,1.7371045108947487,0.0497494999999617
competition_proxy_inclusive,1,elastic_net,elastic_a0p001_l1_0p9,0.001,0.9,60,62,105,0.9797545340176448,1.3579961354113277,1.736470380680208,0.02911779999999453
competition_proxy_inclusive,1,elastic_net,elastic_a0p003_l1_0p1,0.003,0.1,60,62,105,0.979242578894117,1.3744849356513351,1.758288717006709,0.056595000000015716
competition_proxy_inclusive,1,elastic_net,elastic_a0p003_l1_0p3,0.003,0.3,60,62,105,0.9793871306451435,1.3698375018213462,1.7521557838964525,0.0347150000000056
competition_proxy_inclusive,1,elastic_net,elastic_a0p003_l1_0p5,0.003,0.5,60,62,105,0.9795219079070762,1.3651944700370846,1.7464181536783883,0.040351200000031895
competition_proxy_inclusive,1,elastic_net,elastic_a0p003_l1_0p7,0.003,0.7,60,62,105,0.9796341154819554,1.3613150671829084,1.7416269231214654,0.03344040000001769
competition_proxy_inclusive,1,elastic_net,elastic_a0p003_l1_0p9,0.003,0.9,60,62,105,0.9797221198507889,1.358100643513098,1.737859919684668,0.024082399999997506
competition_proxy_inclusive,1,elastic_net,elastic_a0p01_l1_0p1,0.01,0.1,60,62,105,0.9772307108338648,1.435329775116297,1.8415275800790256,0.037491399999908026
competition_proxy_inclusive,1,elastic_net,elastic_a0p01_l1_0p3,0.01,0.3,60,62,105,0.97772359305893,1.4200295522353827,1.8214869441615409,0.02058050000005096
competition_proxy_inclusive,1,elastic_net,elastic_a0p01_l1_0p5,0.01,0.5,60,62,105,0.9782453685812234,1.402900570839918,1.800028395024032,0.0243399999999383
competition_proxy_inclusive,1,elastic_net,elastic_a0p01_l1_0p7,0.01,0.7,60,62,105,0.9787474961454852,1.3869851179687813,1.7791335237913635,0.018093900000167196
competition_proxy_inclusive,1,elastic_net,elastic_a0p01_l1_0p9,0.01,0.9,60,62,105,0.979197431396406,1.3728178882812176,1.7601998219087083,0.01591880000000856
competition_proxy_inclusive,2,ridge,ridge_a0p01,0.01,,60,62,105,0.9810813413556015,1.3398981839516053,1.6902711127149168,0.005937200000062148
competition_proxy_inclusive,2,ridge,ridge_a0p1,0.1,,60,62,105,0.9810841032316306,1.3398065548094626,1.6901477295050542,0.005376999999953114
competition_proxy_inclusive,2,ridge,ridge_a0p3,0.3,,60,62,105,0.9810900634371019,1.3396078824764175,1.6898814344010662,0.005996299999878829
competition_proxy_inclusive,2,ridge,ridge_a1,1.0,,60,62,105,0.9811090647273716,1.3389670646889238,1.6890321983957715,0.0060429000000112865
competition_proxy_inclusive,2,ridge,ridge_a3,3.0,,60,62,105,0.9811488606679283,1.3377186725900299,1.6872521895918047,0.005544700000200464
competition_proxy_inclusive,2,ridge,ridge_a10,10.0,,60,62,105,0.9811596454967114,1.3380354343798104,1.6867694779367712,0.0059326999999029795
competition_proxy_inclusive,2,ridge,ridge_a30,30.0,,60,62,105,0.9806396049694535,1.355846373391576,1.709890525654998,0.005918599999858998
competition_proxy_inclusive,2,elastic_net,elastic_a0p0001_l1_0p1,0.0001,0.1,60,62,105,0.9810987027460574,1.3393265938237318,1.6894953655309788,0.3459464999998545
competition_proxy_inclusive,2,elastic_net,elastic_a0p0001_l1_0p3,0.0001,0.3,60,62,105,0.9810967622922412,1.3394117799943541,1.6895820871868488,0.2884352000000945
competition_proxy_inclusive,2,elastic_net,elastic_a0p0001_l1_0p5,0.0001,0.5,60,62,105,0.9810947754182444,1.3395022384696404,1.68967087881503,0.2543072000000848
competition_proxy_inclusive,2,elastic_net,elastic_a0p0001_l1_0p7,0.0001,0.7,60,62,105,0.9810927362091152,1.3395965698610417,1.689762004401956,0.24547740000002705
competition_proxy_inclusive,2,elastic_net,elastic_a0p0001_l1_0p9,0.0001,0.9,60,62,105,0.9810906256437547,1.3396918364641162,1.689856313490603,0.24376600000005055
competition_proxy_inclusive,2,elastic_net,elastic_a0p0003_l1_0p1,0.0003,0.1,60,62,105,0.9811280699025575,1.3383543588592643,1.688182361422532,0.29330370000002404
competition_proxy_inclusive,2,elastic_net,elastic_a0p0003_l1_0p3,0.0003,0.3,60,62,105,0.9811239933204534,1.3385473353860686,1.6883646862392445,0.22307749999981752
competition_proxy_inclusive,2,elastic_net,elastic_a0p0003_l1_0p5,0.0003,0.5,60,62,105,0.9811193118483754,1.3387862117258948,1.6885740404278111,0.203477600000042
competition_proxy_inclusive,2,elastic_net,elastic_a0p0003_l1_0p7,0.0003,0.7,60,62,105,0.9811140110056084,1.339038725643063,1.6888110613789467,0.195124000000078
competition_proxy_inclusive,2,elastic_net,elastic_a0p0003_l1_0p9,0.0003,0.9,60,62,105,0.9811080675356113,1.339300410933116,1.6890767770982127,0.1933534999998301
competition_proxy_inclusive,2,elastic_net,elastic_a0p001_l1_0p1,0.001,0.1,60,62,105,0.9811783821086103,1.3370691249770976,1.6859305285806225,0.20778889999996863
competition_proxy_inclusive,2,elastic_net,elastic_a0p001_l1_0p3,0.001,0.3,60,62,105,0.9811808323974114,1.337009594891459,1.6858207837336303,0.21910030000003644
competition_proxy_inclusive,2,elastic_net,elastic_a0p001_l1_0p5,0.001,0.5,60,62,105,0.9811789713847969,1.3371310012806958,1.6859041364156495,0.20084789999987152
competition_proxy_inclusive,2,elastic_net,elastic_a0p001_l1_0p7,0.001,0.7,60,62,105,0.9811721744122038,1.3374060124271459,1.6862085302418115,0.1253795000000082
competition_proxy_inclusive,2,elastic_net,elastic_a0p001_l1_0p9,0.001,0.9,60,62,105,0.9811567668962914,1.3379316324970592,1.6868983329928917,0.10575169999992795
competition_proxy_inclusive,2,elastic_net,elastic_a0p003_l1_0p1,0.003,0.1,60,62,105,0.9810335604241969,1.3425458055795065,1.6924042396017318,0.14041219999990062
competition_proxy_inclusive,2,elastic_net,elastic_a0p003_l1_0p3,0.003,0.3,60,62,105,0.9811194331857218,1.3398018065031392,1.6885686145815466,0.052274200000056226
competition_proxy_inclusive,2,elastic_net,elastic_a0p003_l1_0p5,0.003,0.5,60,62,105,0.9811845774608806,1.3373900661849283,1.6856530340196587,0.031695700000000215
competition_proxy_inclusive,2,elastic_net,elastic_a0p003_l1_0p7,0.003,0.7,60,62,105,0.9812221495318092,1.3361993712713802,1.68396917270564,0.02443829999992886
competition_proxy_inclusive,2,elastic_net,elastic_a0p003_l1_0p9,0.003,0.9,60,62,105,0.9812247515181539,1.3359604347374665,1.6838524975675955,0.022029700000075536
competition_proxy_inclusive,2,elastic_net,elastic_a0p01_l1_0p1,0.01,0.1,60,62,105,0.9795058748674554,1.39305958264502,1.759243238417979,0.025021800000104122
competition_proxy_inclusive,2,elastic_net,elastic_a0p01_l1_0p3,0.01,0.3,60,62,105,0.9799264148916833,1.3781296544126662,1.7410998197397425,0.02347630000008394
competition_proxy_inclusive,2,elastic_net,elastic_a0p01_l1_0p5,0.01,0.5,60,62,105,0.980330443018903,1.3645114617086358,1.7234888888729545,0.019443599999931394
competition_proxy_inclusive,2,elastic_net,elastic_a0p01_l1_0p7,0.01,0.7,60,62,105,0.9807038707710342,1.351895382736439,1.7070502213080114,0.017623400000047695
competition_proxy_inclusive,2,elastic_net,elastic_a0p01_l1_0p9,0.01,0.9,60,62,105,0.9809705365272123,1.343975427233302,1.6952137666555767,0.015475700000024517
competition_proxy_inclusive,3,ridge,ridge_a0p01,0.01,,60,62,105,0.978706219336343,1.4553316225151223,1.830091597288045,0.007142100000010032
competition_proxy_inclusive,3,ridge,ridge_a0p1,0.1,,60,62,105,0.9787059690578289,1.4553362803633605,1.8301023523358946,0.007235399999899528
competition_proxy_inclusive,3,ridge,ridge_a0p3,0.3,,60,62,105,0.9787053062040703,1.4553464086468515,1.8301308363929083,0.005716300000131014
competition_proxy_inclusive,3,ridge,ridge_a1,1.0,,60,62,105,0.9787018550623886,1.4554423565486128,1.8302791311979403,0.0055747000001247216
competition_proxy_inclusive,3,ridge,ridge_a3,3.0,,60,62,105,0.978682992145574,1.4561721131249852,1.8310894544036054,0.005405000000109794
competition_proxy_inclusive,3,ridge,ridge_a10,10.0,,60,62,105,0.9785359690317692,1.4621667992194591,1.8373931035899267,0.00589839999997821
competition_proxy_inclusive,3,ridge,ridge_a30,30.0,,60,62,105,0.9777929956860185,1.4916309306910116,1.8689230799700969,0.005558400000154506
competition_proxy_inclusive,3,elastic_net,elastic_a0p0001_l1_0p1,0.0001,0.1,60,62,105,0.978705018721014,1.4553251399115044,1.8301431899358958,0.26021670000000086
competition_proxy_inclusive,3,elastic_net,elastic_a0p0001_l1_0p3,0.0001,0.3,60,62,105,0.9787072915493474,1.455230556100904,1.8300455210946547,0.24276350000013736
competition_proxy_inclusive,3,elastic_net,elastic_a0p0001_l1_0p5,0.0001,0.5,60,62,105,0.9787094831261187,1.455136325130838,1.829951338889743,0.2156572999999753
competition_proxy_inclusive,3,elastic_net,elastic_a0p0001_l1_0p7,0.0001,0.7,60,62,105,0.9787116001830043,1.4550414239556608,1.8298603545464067,0.20608969999989313
competition_proxy_inclusive,3,elastic_net,elastic_a0p0001_l1_0p9,0.0001,0.9,60,62,105,0.9787136416003767,1.4549461447753418,1.8297726166631967,0.20320189999983995
competition_proxy_inclusive,3,elastic_net,elastic_a0p0003_l1_0p1,0.0003,0.1,60,62,105,0.978698864538245,1.4555516265430788,1.8304076236517286,0.22703709999996136
competition_proxy_inclusive,3,elastic_net,elastic_a0p0003_l1_0p3,0.0003,0.3,60,62,105,0.9787061490918496,1.4552079879872075,1.8300946158631217,0.2027242000001479
competition_proxy_inclusive,3,elastic_net,elastic_a0p0003_l1_0p5,0.0003,0.5,60,62,105,0.9787117089864934,1.4549035938659511,1.829855678397719,0.20795350000003054
competition_proxy_inclusive,3,elastic_net,elastic_a0p0003_l1_0p7,0.0003,0.7,60,62,105,0.9787169062701887,1.454610884693082,1.8296322959852396,0.16170739999984107
competition_proxy_inclusive,3,elastic_net,elastic_a0p0003_l1_0p9,0.0003,0.9,60,62,105,0.9787212710992682,1.4543730773654853,1.829444671905624,0.1534582000001592
competition_proxy_inclusive,3,elastic_net,elastic_a0p001_l1_0p1,0.001,0.1,60,62,105,0.9786423517661549,1.457636910984005,1.8328340879910325,0.17452659999980824
competition_proxy_inclusive,3,elastic_net,elastic_a0p001_l1_0p3,0.001,0.3,60,62,105,0.9786750359370229,1.4561496199304946,1.831431133933973,0.12731460000009065
competition_proxy_inclusive,3,elastic_net,elastic_a0p001_l1_0p5,0.001,0.5,60,62,105,0.978708670441432,1.4546066992875104,1.8299862642804186,0.09499779999987368
competition_proxy_inclusive,3,elastic_net,elastic_a0p001_l1_0p7,0.001,0.7,60,62,105,0.9787389981138583,1.4533018918883114,1.8286824706076439,0.056611799999927825
competition_proxy_inclusive,3,elastic_net,elastic_a0p001_l1_0p9,0.001,0.9,60,62,105,0.9787614168969699,1.4520774450785934,1.827718084052723,0.06219179999993685
competition_proxy_inclusive,3,elastic_net,elastic_a0p003_l1_0p1,0.003,0.1,60,62,105,0.9783057775747374,1.4714820556812505,1.8472194089707428,0.144519100000025
competition_proxy_inclusive,3,elastic_net,elastic_a0p003_l1_0p3,0.003,0.3,60,62,105,0.978458680332344,1.4646844501573184,1.8406982170220718,0.046149000000013984
competition_proxy_inclusive,3,elastic_net,elastic_a0p003_l1_0p5,0.003,0.5,60,62,105,0.9785883715735333,1.458638815173265,1.8351488162026481,0.039455699999962235
competition_proxy_inclusive,3,elastic_net,elastic_a0p003_l1_0p7,0.003,0.7,60,62,105,0.9787085635087802,1.453047184771408,1.829990859696541,0.03260810000006131
competition_proxy_inclusive,3,elastic_net,elastic_a0p003_l1_0p9,0.003,0.9,60,62,105,0.9788088302984654,1.4483462096625892,1.8256768285369829,0.028019400000175665
competition_proxy_inclusive,3,elastic_net,elastic_a0p01_l1_0p1,0.01,0.1,60,62,105,0.9765999673852304,1.5380649634503925,1.9184684887204795,0.030837900000051377
competition_proxy_inclusive,3,elastic_net,elastic_a0p01_l1_0p3,0.01,0.3,60,62,105,0.9770788809524117,1.519129554431775,1.8987349618978462,0.024140299999999115
competition_proxy_inclusive,3,elastic_net,elastic_a0p01_l1_0p5,0.01,0.5,60,62,105,0.977590809532686,1.497752247259786,1.8774117118807143,0.029493300000012823
competition_proxy_inclusive,3,elastic_net,elastic_a0p01_l1_0p7,0.01,0.7,60,62,105,0.9781167917928412,1.4757446412290929,1.8552478419029252,0.01969850000000406
competition_proxy_inclusive,3,elastic_net,elastic_a0p01_l1_0p9,0.01,0.9,60,62,105,0.9786009386609695,1.4547244300692117,1.8346101869080953,0.0182655999999497
competition_proxy_inclusive,4,ridge,ridge_a0p01,0.01,,60,62,105,0.9794616991170901,1.3623779031957601,1.7232469554137064,0.009228299999904266
competition_proxy_inclusive,4,ridge,ridge_a0p1,0.1,,60,62,105,0.9794619723683868,1.3623412896881377,1.7232354919281443,0.009721900000158712
competition_proxy_inclusive,4,ridge,ridge_a0p3,0.3,,60,62,105,0.9794623921714477,1.3622622144144247,1.7232178801290996,0.008457099999986895
competition_proxy_inclusive,4,ridge,ridge_a1,1.0,,60,62,105,0.979461960105492,1.3620876301318798,1.7232360063848593,0.008574100000032558
competition_proxy_inclusive,4,ridge,ridge_a3,3.0,,60,62,105,0.9794469559315138,1.3626024325950556,1.7238653510653053,0.008820799999966766
competition_proxy_inclusive,4,ridge,ridge_a10,10.0,,60,62,105,0.9792871563597556,1.3690991417969807,1.7305538874706625,0.010687899999993533
competition_proxy_inclusive,4,ridge,ridge_a30,30.0,,60,62,105,0.9784492185533695,1.3999123586699398,1.7652116101001174,0.010004400000070746
competition_proxy_inclusive,4,elastic_net,elastic_a0p0001_l1_0p1,0.0001,0.1,60,62,105,0.9794633752532061,1.3621437731047394,1.7231766366612367,0.33426489999988007
competition_proxy_inclusive,4,elastic_net,elastic_a0p0001_l1_0p3,0.0001,0.3,60,62,105,0.9794651079352138,1.362118266488306,1.7231039426287422,0.2790430000000015
competition_proxy_inclusive,4,elastic_net,elastic_a0p0001_l1_0p5,0.0001,0.5,60,62,105,0.9794668760110974,1.3620992430630985,1.723029760497726,0.24298389999989922
competition_proxy_inclusive,4,elastic_net,elastic_a0p0001_l1_0p7,0.0001,0.7,60,62,105,0.9794685741989662,1.3620839289437128,1.722958507610435,0.21824240000000827
competition_proxy_inclusive,4,elastic_net,elastic_a0p0001_l1_0p9,0.0001,0.9,60,62,105,0.9794702247232129,1.3620681431249897,1.7228892517785264,0.2622323000000506
competition_proxy_inclusive,4,elastic_net,elastic_a0p0003_l1_0p1,0.0003,0.1,60,62,105,0.9794606512837771,1.3620592278083703,1.7232909135908399,0.25884309999992183
competition_proxy_inclusive,4,elastic_net,elastic_a0p0003_l1_0p3,0.0003,0.3,60,62,105,0.9794672841353851,1.3618582551134493,1.7230126366107708,0.20132380000018202
competition_proxy_inclusive,4,elastic_net,elastic_a0p0003_l1_0p5,0.0003,0.5,60,62,105,0.9794736632399078,1.3617048135990943,1.722744963020956,0.17697649999990972
competition_proxy_inclusive,4,elastic_net,elastic_a0p0003_l1_0p7,0.0003,0.7,60,62,105,0.979479629256885,1.361581884098382,1.72249458535372,0.17926029999989623
competition_proxy_inclusive,4,elastic_net,elastic_a0p0003_l1_0p9,0.0003,0.9,60,62,105,0.9794851838485842,1.361491530597986,1.7222614413769592,0.1709089999999378
competition_proxy_inclusive,4,elastic_net,elastic_a0p001_l1_0p1,0.001,0.1,60,62,105,0.9794038565762799,1.3643471550159885,1.7256718614674647,0.1855616000000282
competition_proxy_inclusive,4,elastic_net,elastic_a0p001_l1_0p3,0.001,0.3,60,62,105,0.9794382893650426,1.3630430914188099,1.724228762417033,0.1499449000000368
competition_proxy_inclusive,4,elastic_net,elastic_a0p001_l1_0p5,0.001,0.5,60,62,105,0.9794695743267056,1.3619296381205857,1.7229165426831266,0.13026450000006662
competition_proxy_inclusive,4,elastic_net,elastic_a0p001_l1_0p7,0.001,0.7,60,62,105,0.9794972991044222,1.3610283279568847,1.721752815821958,0.1224741000000904
competition_proxy_inclusive,4,elastic_net,elastic_a0p001_l1_0p9,0.001,0.9,60,62,105,0.9795210643170089,1.3602695593774472,1.7207546623103203,0.11440410000000156
competition_proxy_inclusive,4,elastic_net,elastic_a0p003_l1_0p1,0.003,0.1,60,62,105,0.9790181588713655,1.3796481058672716,1.7417549804783452,0.10737909999988915
competition_proxy_inclusive,4,elastic_net,elastic_a0p003_l1_0p3,0.003,0.3,60,62,105,0.9791698905202169,1.3739243114956476,1.7354457419911162,0.07888090000005832
competition_proxy_inclusive,4,elastic_net,elastic_a0p003_l1_0p5,0.003,0.5,60,62,105,0.97930332161699,1.3690064484661357,1.7298784536774847,0.04312889999982872
competition_proxy_inclusive,4,elastic_net,elastic_a0p003_l1_0p7,0.003,0.7,60,62,105,0.9794146640744884,1.3652084486589036,1.725219042645806,0.03658690000020215
competition_proxy_inclusive,4,elastic_net,elastic_a0p003_l1_0p9,0.003,0.9,60,62,105,0.9794963626638572,1.3626048458931366,1.7217921350506284,0.027512399999977788
competition_proxy_inclusive,4,elastic_net,elastic_a0p01_l1_0p1,0.01,0.1,60,62,105,0.9771194424537808,1.445347796998272,1.8188570401471864,0.037990900000067995
competition_proxy_inclusive,4,elastic_net,elastic_a0p01_l1_0p3,0.01,0.3,60,62,105,0.9775878598446593,1.4298585786566305,1.8001426797390316,0.029858999999987645
competition_proxy_inclusive,4,elastic_net,elastic_a0p01_l1_0p5,0.01,0.5,60,62,105,0.9780593086811791,1.4146736359271648,1.7811086697389393,0.0269832999999835
competition_proxy_inclusive,4,elastic_net,elastic_a0p01_l1_0p7,0.01,0.7,60,62,105,0.9785383137443897,1.398871773895021,1.7615589641136373,0.022279000000025917
competition_proxy_inclusive,4,elastic_net,elastic_a0p01_l1_0p9,0.01,0.9,60,62,105,0.9789678211572171,1.3837428464251156,1.7438430584676263,0.020512300000063988
scientific_proxy_removed,0,ridge,ridge_a0p01,0.01,,59,61,104,0.9239675942041613,2.669779838547478,3.353968609589949,0.008016199999929086
scientific_proxy_removed,0,ridge,ridge_a0p1,0.1,,59,61,104,0.92397218433529,2.6696810332854795,3.353867367310951,0.007714600000099381
scientific_proxy_removed,0,ridge,ridge_a0p3,0.3,,59,61,104,0.92398208031362,2.6694684173965184,3.3536490861556545,0.006397400000196285
scientific_proxy_removed,0,ridge,ridge_a1,1.0,,59,61,104,0.9240138511860881,2.668808566428928,3.352948202121527,0.006984200000033525
scientific_proxy_removed,0,ridge,ridge_a3,3.0,,59,61,104,0.9240871168801379,2.667392662108686,3.3513313592836074,0.0066027000000303815
scientific_proxy_removed,0,ridge,ridge_a10,10.0,,59,61,104,0.9242375810907368,2.6661792843613283,3.348008434891256,0.007168699999965611
scientific_proxy_removed,0,ridge,ridge_a30,30.0,,59,61,104,0.9242578974386588,2.6712590939330916,3.3475595060833396,0.005971999999928812
scientific_proxy_removed,0,elastic_net,elastic_a0p0001_l1_0p1,0.0001,0.1,59,61,104,0.9239983984629361,2.6691478632204566,3.353289116533069,0.4770641000000069
scientific_proxy_removed,0,elastic_net,elastic_a0p0001_l1_0p3,0.0001,0.3,59,61,104,0.9239991093893272,2.6691762884104886,3.353273432999719,0.42075019999992946
scientific_proxy_removed,0,elastic_net,elastic_a0p0001_l1_0p5,0.0001,0.5,59,61,104,0.9239997751186857,2.669209087400259,3.3532587464780046,0.3991679999999178
scientific_proxy_removed,0,elastic_net,elastic_a0p0001_l1_0p7,0.0001,0.7,59,61,104,0.924000393193707,2.6692456052886366,3.3532451111914776,0.3953702000001158
scientific_proxy_removed,0,elastic_net,elastic_a0p0001_l1_0p9,0.0001,0.9,59,61,104,0.9240009609169312,2.669285575912109,3.3532325866616723,0.38376229999994393
scientific_proxy_removed,0,elastic_net,elastic_a0p0003_l1_0p1,0.0003,0.1,59,61,104,0.9240520797313792,2.668085356640006,3.35210466379346,0.40783140000007734
scientific_proxy_removed,0,elastic_net,elastic_a0p0003_l1_0p3,0.0003,0.3,59,61,104,0.9240556094904716,2.6681283021000115,3.3520267666018397,0.33492870000009134
scientific_proxy_removed,0,elastic_net,elastic_a0p0003_l1_0p5,0.0003,0.5,59,61,104,0.9240589032707348,2.6681855656042206,3.3519540755232295,0.3141594000001078
scientific_proxy_removed,0,elastic_net,elastic_a0p0003_l1_0p7,0.0003,0.7,59,61,104,0.9240619523955638,2.6682505810268786,3.3518867823879512,0.29143249999992804
scientific_proxy_removed,0,elastic_net,elastic_a0p0003_l1_0p9,0.0003,0.9,59,61,104,0.9240648595828601,2.668319872004579,3.3518226205070087,0.2644915000000765
scientific_proxy_removed,0,elastic_net,elastic_a0p001_l1_0p1,0.001,0.1,59,61,104,0.9241849175295697,2.6660660330667736,3.3491718574685123,0.26417220000007546
scientific_proxy_removed,0,elastic_net,elastic_a0p001_l1_0p3,0.001,0.3,59,61,104,0.9242029923359377,2.6658214368800173,3.3487726015467585,0.20432110000001558
scientific_proxy_removed,0,elastic_net,elastic_a0p001_l1_0p5,0.001,0.5,59,61,104,0.9242141283196922,2.665588670849773,3.3485265941629923,0.1722391000000698
scientific_proxy_removed,0,elastic_net,elastic_a0p001_l1_0p7,0.001,0.7,59,61,104,0.9242249621103651,2.665467298309437,3.348287245245087,0.15519970000013927
scientific_proxy_removed,0,elastic_net,elastic_a0p001_l1_0p9,0.001,0.9,59,61,104,0.9242335099727231,2.6653676347595945,3.348098386839369,0.14841500000011365
scientific_proxy_removed,0,elastic_net,elastic_a0p003_l1_0p1,0.003,0.1,59,61,104,0.9243362923005748,2.6669759958508705,3.3458266560751464,0.13124050000010357
scientific_proxy_removed,0,elastic_net,elastic_a0p003_l1_0p3,0.003,0.3,59,61,104,0.9244006280676119,2.6658749242409807,3.3444038993292478,0.07208280000008926
scientific_proxy_removed,0,elastic_net,elastic_a0p003_l1_0p5,0.003,0.5,59,61,104,0.9244605631045766,2.6647731358523346,3.343077917972152,0.04442169999992984
scientific_proxy_removed,0,elastic_net,elastic_a0p003_l1_0p7,0.003,0.7,59,61,104,0.9245095000648051,2.6638625243823872,3.3419948639885937,0.044471100000009756
scientific_proxy_removed,0,elastic_net,elastic_a0p003_l1_0p9,0.003,0.9,59,61,104,0.9245448431543287,2.662744438699623,3.3412124459895054,0.06281409999996868
scientific_proxy_removed,0,elastic_net,elastic_a0p01_l1_0p1,0.01,0.1,59,61,104,0.923866064929883,2.6854623783068017,3.356207210298953,0.047591600000032486
scientific_proxy_removed,0,elastic_net,elastic_a0p01_l1_0p3,0.01,0.3,59,61,104,0.9242253972383084,2.678192537403408,3.3482776316871488,0.046968299999889496
scientific_proxy_removed,0,elastic_net,elastic_a0p01_l1_0p5,0.01,0.5,59,61,104,0.9245181068858889,2.6717785724229044,3.3418043448385846,0.05340210000008483
scientific_proxy_removed,0,elastic_net,elastic_a0p01_l1_0p7,0.01,0.7,59,61,104,0.9247265122369167,2.666147964685726,3.337187798619517,0.04497330000003785
scientific_proxy_removed,0,elastic_net,elastic_a0p01_l1_0p9,0.01,0.9,59,61,104,0.9248467635003866,2.6619311871829767,3.3345211130347736,0.04179700000008779
scientific_proxy_removed,1,ridge,ridge_a0p01,0.01,,59,61,104,0.9281489241059316,2.5749187615529765,3.27129815770014,0.007937399999946138
scientific_proxy_removed,1,ridge,ridge_a0p1,0.1,,59,61,104,0.9281473901590387,2.5749492090744805,3.271333076946654,0.007243899999821224
scientific_proxy_removed,1,ridge,ridge_a0p3,0.3,,59,61,104,0.9281439850101797,2.5750154257989464,3.2714105914875065,0.006735499999876993
scientific_proxy_removed,1,ridge,ridge_a1,1.0,,59,61,104,0.9281321034246444,2.575240567677026,3.2716810485822,0.006224999999858483
scientific_proxy_removed,1,ridge,ridge_a3,3.0,,59,61,104,0.9280982252916876,2.575856689992623,3.2724520839940867,0.006952700000056211
scientific_proxy_removed,1,ridge,ridge_a10,10.0,,59,61,104,0.9279714567208885,2.5780335271929253,3.2753356107608718,0.006975799999963783
scientific_proxy_removed,1,ridge,ridge_a30,30.0,,59,61,104,0.9274902644690207,2.586259021634805,3.2862579655983213,0.00685469999984889
scientific_proxy_removed,1,elastic_net,elastic_a0p0001_l1_0p1,0.0001,0.1,59,61,104,0.9281393305976103,2.575109167789667,3.271516541198299,0.522081500000013
scientific_proxy_removed,1,elastic_net,elastic_a0p0001_l1_0p3,0.0001,0.3,59,61,104,0.9281415700107385,2.5750743840913777,3.271465565231676,0.43951259999994363
scientific_proxy_removed,1,elastic_net,elastic_a0p0001_l1_0p5,0.0001,0.5,59,61,104,0.9281438004850214,2.575041476288732,3.2714147919512366,0.3988157000001138
scientific_proxy_removed,1,elastic_net,elastic_a0p0001_l1_0p7,0.0001,0.7,59,61,104,0.9281460220141651,2.5750085423528812,3.271364221509697,0.36179889999993975
scientific_proxy_removed,1,elastic_net,elastic_a0p0001_l1_0p9,0.0001,0.9,59,61,104,0.9281482349196737,2.5749755939218097,3.2713138465976397,0.35308680000002823
scientific_proxy_removed,1,elastic_net,elastic_a0p0003_l1_0p1,0.0003,0.1,59,61,104,0.9281197532395739,2.575472402593757,3.2719621485769346,0.37854730000003656
scientific_proxy_removed,1,elastic_net,elastic_a0p0003_l1_0p3,0.0003,0.3,59,61,104,0.9281260929164455,2.575369507875667,3.2718178555264155,0.3193865000000642
scientific_proxy_removed,1,elastic_net,elastic_a0p0003_l1_0p5,0.0003,0.5,59,61,104,0.9281328399487414,2.5752694343521383,3.2716642839472323,0.29343900000003487
scientific_proxy_removed,1,elastic_net,elastic_a0p0003_l1_0p7,0.0003,0.7,59,61,104,0.9281393390822809,2.5751847555184755,3.2715163480624643,0.26859650000005786
scientific_proxy_removed,1,elastic_net,elastic_a0p0003_l1_0p9,0.0003,0.9,59,61,104,0.928145515572543,2.5751069527110872,3.271375750113471,0.2646351000000777
scientific_proxy_removed,1,elastic_net,elastic_a0p001_l1_0p1,0.001,0.1,59,61,104,0.9280535222566686,2.5766241453143164,3.2734692063808817,0.26829240000006394
scientific_proxy_removed,1,elastic_net,elastic_a0p001_l1_0p3,0.001,0.3,59,61,104,0.9280776267684681,2.576293999567739,3.272920798802864,0.2060775999998441
scientific_proxy_removed,1,elastic_net,elastic_a0p001_l1_0p5,0.001,0.5,59,61,104,0.9280918295296556,2.5761716600897,3.272597625320859,0.188536699999986
scientific_proxy_removed,1,elastic_net,elastic_a0p001_l1_0p7,0.001,0.7,59,61,104,0.9281028685969099,2.576138303788367,3.2723464173451173,0.16093479999994997
scientific_proxy_removed,1,elastic_net,elastic_a0p001_l1_0p9,0.001,0.9,59,61,104,0.9281108399069676,2.576129585015982,3.2721650080840337,0.08476850000010927
scientific_proxy_removed,1,elastic_net,elastic_a0p003_l1_0p1,0.003,0.1,59,61,104,0.9278243393079552,2.5807140673620172,3.278678820847137,0.12314979999996467
scientific_proxy_removed,1,elastic_net,elastic_a0p003_l1_0p3,0.003,0.3,59,61,104,0.92791441538005,2.5793017742208604,3.2766322672822703,0.061127300000180185
scientific_proxy_removed,1,elastic_net,elastic_a0p003_l1_0p5,0.003,0.5,59,61,104,0.9280078486980469,2.5775652813446883,3.274508084665913,0.0637007000000267
scientific_proxy_removed,1,elastic_net,elastic_a0p003_l1_0p7,0.003,0.7,59,61,104,0.9280786417426901,2.576245533012358,3.272897704862744,0.058484899999939444
scientific_proxy_removed,1,elastic_net,elastic_a0p003_l1_0p9,0.003,0.9,59,61,104,0.9281363877638891,2.5752988936680095,3.271583527984761,0.05188929999985703
scientific_proxy_removed,1,elastic_net,elastic_a0p01_l1_0p1,0.01,0.1,59,61,104,0.9265751001293048,2.6021744923755263,3.3069312999559597,0.041799200000014025
scientific_proxy_removed,1,elastic_net,elastic_a0p01_l1_0p3,0.01,0.3,59,61,104,0.9269746570103713,2.595129881273445,3.297921348236641,0.03960370000004332
scientific_proxy_removed,1,elastic_net,elastic_a0p01_l1_0p5,0.01,0.5,59,61,104,0.9273715313704922,2.5880359899545295,3.288947452656204,0.04219590000002427
scientific_proxy_removed,1,elastic_net,elastic_a0p01_l1_0p7,0.01,0.7,59,61,104,0.9277439072171991,2.582488129882242,3.28050518143325,0.04927440000005845
scientific_proxy_removed,1,elastic_net,elastic_a0p01_l1_0p9,0.01,0.9,59,61,104,0.9280137324401301,2.5779868521678604,3.2743742731716363,0.03234019999990778
scientific_proxy_removed,2,ridge,ridge_a0p01,0.01,,59,61,104,0.9289267792433216,2.5918217494348643,3.276153160791163,0.006329899999855115
scientific_proxy_removed,2,ridge,ridge_a0p1,0.1,,59,61,104,0.9289282573773084,2.5918402952029727,3.276119092977293,0.00631969999994908
scientific_proxy_removed,2,ridge,ridge_a0p3,0.3,,59,61,104,0.9289313690475111,2.591881957906585,3.276047374504036,0.006894099999954051
scientific_proxy_removed,2,ridge,ridge_a1,1.0,,59,61,104,0.9289405283780128,2.592051835652731,3.275836259085678,0.006932999999889944
scientific_proxy_removed,2,ridge,ridge_a3,3.0,,59,61,104,0.9289545635018163,2.592682675357714,3.275512734037744,0.005994500000042535
scientific_proxy_removed,2,ridge,ridge_a10,10.0,,59,61,104,0.9289128590716512,2.5959498105767373,3.2764739734767034,0.00667040000007546
scientific_proxy_removed,2,ridge,ridge_a30,30.0,,59,61,104,0.9284141494224862,2.6095402800205987,3.2879468878318843,0.006476700000121127
scientific_proxy_removed,2,elastic_net,elastic_a0p0001_l1_0p1,0.0001,0.1,59,61,104,0.9289363479109214,2.5919374326057825,3.2759326172766206,0.45477119999986826
scientific_proxy_removed,2,elastic_net,elastic_a0p0001_l1_0p3,0.0001,0.3,59,61,104,0.9289367351207533,2.59189820385725,3.2759236923550286,0.40297750000013366
scientific_proxy_removed,2,elastic_net,elastic_a0p0001_l1_0p5,0.0001,0.5,59,61,104,0.9289370831250682,2.591863110127873,3.2759156710730215,0.3898067000000083
scientific_proxy_removed,2,elastic_net,elastic_a0p0001_l1_0p7,0.0001,0.7,59,61,104,0.9289373905881206,2.591828782139529,3.27590858422544,0.350120699999934
scientific_proxy_removed,2,elastic_net,elastic_a0p0001_l1_0p9,0.0001,0.9,59,61,104,0.9289376570954476,2.591795228289081,3.2759024413715108,0.3281228999999257
scientific_proxy_removed,2,elastic_net,elastic_a0p0003_l1_0p1,0.0003,0.1,59,61,104,0.9289502557591618,2.592252520534811,3.2756120356448233,0.37319830000001275
scientific_proxy_removed,2,elastic_net,elastic_a0p0003_l1_0p3,0.0003,0.3,59,61,104,0.9289525774257238,2.5921366620148216,3.2755585172181148,0.3273083999999926
scientific_proxy_removed,2,elastic_net,elastic_a0p0003_l1_0p5,0.0003,0.5,59,61,104,0.9289546081139443,2.5920278286450777,3.2755117056281553,0.29708049999999275
scientific_proxy_removed,2,elastic_net,elastic_a0p0003_l1_0p7,0.0003,0.7,59,61,104,0.9289563346718429,2.59192022545291,3.2754719043488794,0.2718445000000429
scientific_proxy_removed,2,elastic_net,elastic_a0p0003_l1_0p9,0.0003,0.9,59,61,104,0.9289592649022368,2.5917830053673185,3.275404354439585,0.27423620000013216
scientific_proxy_removed,2,elastic_net,elastic_a0p001_l1_0p1,0.001,0.1,59,61,104,0.9289574501042372,2.5937868580870203,3.2754461907135184,0.25361240000006546
scientific_proxy_removed,2,elastic_net,elastic_a0p001_l1_0p3,0.001,0.3,59,61,104,0.9289804084009629,2.5931750045020605,3.2749168970578384,0.209260200000017
scientific_proxy_removed,2,elastic_net,elastic_a0p001_l1_0p5,0.001,0.5,59,61,104,0.9289991471216633,2.5926193276846847,3.2744848204982757,0.19180849999997918
scientific_proxy_removed,2,elastic_net,elastic_a0p001_l1_0p7,0.001,0.7,59,61,104,0.9290170502612046,2.592062380541537,3.274071957467088,0.18992889999981344
scientific_proxy_removed,2,elastic_net,elastic_a0p001_l1_0p9,0.001,0.9,59,61,104,0.9290339067613842,2.591554661441247,3.2736831833204643,0.17169060000014724
scientific_proxy_removed,2,elastic_net,elastic_a0p003_l1_0p1,0.003,0.1,59,61,104,0.9287812970693945,2.6005311541207035,3.2795044809144946,0.1380410000001575
scientific_proxy_removed,2,elastic_net,elastic_a0p003_l1_0p3,0.003,0.3,59,61,104,0.9288804856551129,2.598277403723236,3.277219949343899,0.10081799999989016
scientific_proxy_removed,2,elastic_net,elastic_a0p003_l1_0p5,0.003,0.5,59,61,104,0.928970103996291,2.5960678921233797,3.275154471255523,0.03945039999985056
scientific_proxy_removed,2,elastic_net,elastic_a0p003_l1_0p7,0.003,0.7,59,61,104,0.9290414203931516,2.5941236010234605,3.273509875900389,0.07139099999994869
scientific_proxy_removed,2,elastic_net,elastic_a0p003_l1_0p9,0.003,0.9,59,61,104,0.9290979249861072,2.5922076921603603,3.272206262006761,0.07957309999983408
scientific_proxy_removed,2,elastic_net,elastic_a0p01_l1_0p1,0.01,0.1,59,61,104,0.9273041605125967,2.6349630552556325,3.3133397960665056,0.03855099999987033
scientific_proxy_removed,2,elastic_net,elastic_a0p01_l1_0p3,0.01,0.3,59,61,104,0.9277669137049931,2.624002227801972,3.302777249387444,0.040867100000014034
scientific_proxy_removed,2,elastic_net,elastic_a0p01_l1_0p5,0.01,0.5,59,61,104,0.9281901627002542,2.6143203774117065,3.293086739217888,0.045177200000125595
scientific_proxy_removed,2,elastic_net,elastic_a0p01_l1_0p7,0.01,0.7,59,61,104,0.9285401220266113,2.60575051684426,3.285052645420579,0.03467939999995906
scientific_proxy_removed,2,elastic_net,elastic_a0p01_l1_0p9,0.01,0.9,59,61,104,0.9288561528842936,2.5973416706208807,3.2777805340370056,0.025168399999984103
scientific_proxy_removed,3,ridge,ridge_a0p01,0.01,,59,61,104,0.9276607723707699,2.6851912354680234,3.3731322788789386,0.005998400000180482
scientific_proxy_removed,3,ridge,ridge_a0p1,0.1,,59,61,104,0.9276593743791582,2.6852202967176435,3.373164872452322,0.006048699999837481
scientific_proxy_removed,3,ridge,ridge_a0p3,0.3,,59,61,104,0.9276563357764235,2.685282402993329,3.3732357150825036,0.0056334000000788365
scientific_proxy_removed,3,ridge,ridge_a1,1.0,,59,61,104,0.9276463222378101,2.6854808941075334,3.37346916232126,0.0055087999999159365
scientific_proxy_removed,3,ridge,ridge_a3,3.0,,59,61,104,0.9276209283656686,2.686023258534775,3.374061101335822,0.005877200000213634
scientific_proxy_removed,3,ridge,ridge_a10,10.0,,59,61,104,0.9275348112976152,2.6877729098301755,3.376067744040083,0.0054594999999153515
scientific_proxy_removed,3,ridge,ridge_a30,30.0,,59,61,104,0.9271680341839246,2.6941779357720836,3.3846008170376543,0.00578340000015487
scientific_proxy_removed,3,elastic_net,elastic_a0p0001_l1_0p1,0.0001,0.1,59,61,104,0.9276518373009673,2.6853686629287967,3.373340590764074,0.47097370000005867
scientific_proxy_removed,3,elastic_net,elastic_a0p0001_l1_0p3,0.0001,0.3,59,61,104,0.9276527459510797,2.6853448196238867,3.373319407116716,0.35241719999999077
scientific_proxy_removed,3,elastic_net,elastic_a0p0001_l1_0p5,0.0001,0.5,59,61,104,0.9276535847876171,2.6853210081891414,3.373299850937215,0.24119219999988672
scientific_proxy_removed,3,elastic_net,elastic_a0p0001_l1_0p7,0.0001,0.7,59,61,104,0.9276551999305627,2.685278619796403,3.3732621960523756,0.23031310000010308
scientific_proxy_removed,3,elastic_net,elastic_a0p0001_l1_0p9,0.0001,0.9,59,61,104,0.9276568209676671,2.685235651804968,3.3732244033305103,0.23466949999988174
scientific_proxy_removed,3,elastic_net,elastic_a0p0003_l1_0p1,0.0003,0.1,59,61,104,0.9276355323797033,2.6857044622570845,3.3737206899408068,0.27941020000002936
scientific_proxy_removed,3,elastic_net,elastic_a0p0003_l1_0p3,0.0003,0.3,59,61,104,0.9276400041350885,2.6855920694098283,3.3736164489560165,0.2931060000000798
scientific_proxy_removed,3,elastic_net,elastic_a0p0003_l1_0p5,0.0003,0.5,59,61,104,0.9276426432803759,2.685522290198285,3.373554926390748,0.24827810000010686
scientific_proxy_removed,3,elastic_net,elastic_a0p0003_l1_0p7,0.0003,0.7,59,61,104,0.9276449762226648,2.6854576887425274,3.3735005409574756,0.22694410000008247
scientific_proxy_removed,3,elastic_net,elastic_a0p0003_l1_0p9,0.0003,0.9,59,61,104,0.927646407221391,2.685442699833934,3.3734671811533183,0.1807263000000603
scientific_proxy_removed,3,elastic_net,elastic_a0p001_l1_0p1,0.001,0.1,59,61,104,0.9275901460413247,2.6866784154338665,3.3747785076266834,0.22428539999987152
scientific_proxy_removed,3,elastic_net,elastic_a0p001_l1_0p3,0.001,0.3,59,61,104,0.9275986418666305,2.6864872508548303,3.3745805209706288,0.126115400000117
scientific_proxy_removed,3,elastic_net,elastic_a0p001_l1_0p5,0.001,0.5,59,61,104,0.9276125515872384,2.6861836977998985,3.3742563438547535,0.11586920000013379
scientific_proxy_removed,3,elastic_net,elastic_a0p001_l1_0p7,0.001,0.7,59,61,104,0.9276234749092128,2.6858991698822363,3.3740017453030715,0.12103180000008251
scientific_proxy_removed,3,elastic_net,elastic_a0p001_l1_0p9,0.001,0.9,59,61,104,0.9276453046283517,2.68540702175635,3.373492885110225,0.12052080000012211
scientific_proxy_removed,3,elastic_net,elastic_a0p003_l1_0p1,0.003,0.1,59,61,104,0.9274291365448536,2.689604875069838,3.378528478353795,0.05922850000001745
scientific_proxy_removed,3,elastic_net,elastic_a0p003_l1_0p3,0.003,0.3,59,61,104,0.9275425801753482,2.6876085248131374,3.3758867677602877,0.0654196000000411
scientific_proxy_removed,3,elastic_net,elastic_a0p003_l1_0p5,0.003,0.5,59,61,104,0.9276470434948731,2.685641521410093,3.373452348079059,0.06564449999996214
scientific_proxy_removed,3,elastic_net,elastic_a0p003_l1_0p7,0.003,0.7,59,61,104,0.9277171347080437,2.6842156489627063,3.3718179528081094,0.04737069999987398
scientific_proxy_removed,3,elastic_net,elastic_a0p003_l1_0p9,0.003,0.9,59,61,104,0.9277760762664281,2.6827989924724744,3.370442933050025,0.04910040000004301
scientific_proxy_removed,3,elastic_net,elastic_a0p01_l1_0p1,0.01,0.1,59,61,104,0.9264292938368794,2.7078512075976717,3.4017226454658323,0.04293950000010227
scientific_proxy_removed,3,elastic_net,elastic_a0p01_l1_0p3,0.01,0.3,59,61,104,0.9268335980750458,2.7006899011863252,3.392362767871723,0.04588910000006763
scientific_proxy_removed,3,elastic_net,elastic_a0p01_l1_0p5,0.01,0.5,59,61,104,0.9272050461779637,2.6934158136304656,3.3837407088211298,0.046949499999982436
scientific_proxy_removed,3,elastic_net,elastic_a0p01_l1_0p7,0.01,0.7,59,61,104,0.9275424293019575,2.6866560724102375,3.375890282453602,0.05256069999995816
scientific_proxy_removed,3,elastic_net,elastic_a0p01_l1_0p9,0.01,0.9,59,61,104,0.9277905185187199,2.681273077184838,3.370105930999225,0.031077800000048228
scientific_proxy_removed,4,ridge,ridge_a0p01,0.01,,59,61,104,0.9282757604439629,2.56857007561531,3.220314148507395,0.005663300000151139
scientific_proxy_removed,4,ridge,ridge_a0p1,0.1,,59,61,104,0.9282803145129992,2.56850855388012,3.220211911342923,0.0059871999999359105
scientific_proxy_removed,4,ridge,ridge_a0p3,0.3,,59,61,104,0.9282899209491017,2.5683789352796556,3.2199962397619273,0.005625900000040929
scientific_proxy_removed,4,ridge,ridge_a1,1.0,,59,61,104,0.9283187154509613,2.567993158867945,3.21934969538255,0.005482800000208954
scientific_proxy_removed,4,ridge,ridge_a3,3.0,,59,61,104,0.9283721727652288,2.567386745945466,3.218149034097425,0.0060064000001602835
scientific_proxy_removed,4,ridge,ridge_a10,10.0,,59,61,104,0.9284092390227116,2.567636911563958,3.2173162559628414,0.00629649999996218
scientific_proxy_removed,4,ridge,ridge_a30,30.0,,59,61,104,0.9281043488902867,2.575009689573494,3.224159917016418,0.005501300000105402
scientific_proxy_removed,4,elastic_net,elastic_a0p0001_l1_0p1,0.0001,0.1,59,61,104,0.9283047082191498,2.568162417997623,3.2196642263999733,0.4590903000000708
scientific_proxy_removed,4,elastic_net,elastic_a0p0001_l1_0p3,0.0001,0.3,59,61,104,0.9283044949912235,2.5681300255561292,3.219669014174726,0.40482429999997294
scientific_proxy_removed,4,elastic_net,elastic_a0p0001_l1_0p5,0.0001,0.5,59,61,104,0.9283041647819006,2.5680991664374626,3.2196764286109665,0.36047310000003563
scientific_proxy_removed,4,elastic_net,elastic_a0p0001_l1_0p7,0.0001,0.7,59,61,104,0.9283037065501516,2.5680702284261043,3.219686717601946,0.33656010000004244
scientific_proxy_removed,4,elastic_net,elastic_a0p0001_l1_0p9,0.0001,0.9,59,61,104,0.928303081028605,2.5680452476258377,3.2197007628121312,0.3117933000000903
scientific_proxy_removed,4,elastic_net,elastic_a0p0003_l1_0p1,0.0003,0.1,59,61,104,0.928349048747388,2.5675694853125743,3.2186684588338883,0.3687840000000051
scientific_proxy_removed,4,elastic_net,elastic_a0p0003_l1_0p3,0.0003,0.3,59,61,104,0.9283514781338222,2.5674201495849345,3.2186138925257275,0.30503989999988335
scientific_proxy_removed,4,elastic_net,elastic_a0p0003_l1_0p5,0.0003,0.5,59,61,104,0.92835326363104,2.5672781427869626,3.218573787986207,0.26358940000000075
scientific_proxy_removed,4,elastic_net,elastic_a0p0003_l1_0p7,0.0003,0.7,59,61,104,0.9283542755728803,2.5671466966961667,3.2185510582629293,0.22247899999979381
scientific_proxy_removed,4,elastic_net,elastic_a0p0003_l1_0p9,0.0003,0.9,59,61,104,0.9283548428916533,2.5670264603326007,3.2185383153667813,0.186801800000012
scientific_proxy_removed,4,elastic_net,elastic_a0p001_l1_0p1,0.001,0.1,59,61,104,0.9284217076489236,2.566803159882963,3.217036071340633,0.2348884000000453
scientific_proxy_removed,4,elastic_net,elastic_a0p001_l1_0p3,0.001,0.3,59,61,104,0.9284447792083791,2.566098487313708,3.216517562038138,0.16002150000008442
scientific_proxy_removed,4,elastic_net,elastic_a0p001_l1_0p5,0.001,0.5,59,61,104,0.9284554830163196,2.565609047251886,3.216276976700839,0.14447730000006231
scientific_proxy_removed,4,elastic_net,elastic_a0p001_l1_0p7,0.001,0.7,59,61,104,0.928466510212937,2.565134495029258,3.216029103860142,0.14498509999998532
scientific_proxy_removed,4,elastic_net,elastic_a0p001_l1_0p9,0.001,0.9,59,61,104,0.9284692718504775,2.56475802936234,3.215967023899743,0.13751430000002074
scientific_proxy_removed,4,elastic_net,elastic_a0p003_l1_0p1,0.003,0.1,59,61,104,0.9283624458101795,2.5692715384355767,3.2183675366652023,0.05749759999980597
scientific_proxy_removed,4,elastic_net,elastic_a0p003_l1_0p3,0.003,0.3,59,61,104,0.9284507034501723,2.5668970613480986,3.216384407378091,0.0631333999999697
scientific_proxy_removed,4,elastic_net,elastic_a0p003_l1_0p5,0.003,0.5,59,61,104,0.9285141773315718,2.565041207383668,3.214957407317148,0.052493599999934304
scientific_proxy_removed,4,elastic_net,elastic_a0p003_l1_0p7,0.003,0.7,59,61,104,0.9285723779506297,2.5628862869321107,3.2136484022265264,0.04233890000000429
scientific_proxy_removed,4,elastic_net,elastic_a0p003_l1_0p9,0.003,0.9,59,61,104,0.9286255692665606,2.560398823525038,3.212451596156821,0.034908800000039264
scientific_proxy_removed,4,elastic_net,elastic_a0p01_l1_0p1,0.01,0.1,59,61,104,0.9272765697910791,2.5904199810278983,3.242667670323346,0.03870130000018435
scientific_proxy_removed,4,elastic_net,elastic_a0p01_l1_0p3,0.01,0.3,59,61,104,0.9276319507597083,2.5821712120314446,3.234734919661743,0.039657400000123744
scientific_proxy_removed,4,elastic_net,elastic_a0p01_l1_0p5,0.01,0.5,59,61,104,0.9280318040418938,2.573000017572879,3.22578614347422,0.04378350000001774
scientific_proxy_removed,4,elastic_net,elastic_a0p01_l1_0p7,0.01,0.7,59,61,104,0.92841890152981,2.563401598480576,3.2170991302488425,0.04033140000001367
scientific_proxy_removed,4,elastic_net,elastic_a0p01_l1_0p9,0.01,0.9,59,61,104,0.9287184794039098,2.5561381514677435,3.210360045227858,0.02694989999986319
