contract,fold,model,alpha,l1_ratio,source_feature_count,engineered_feature_count,transformed_width,r2,adjusted_r2_raw,adjusted_r2_transformed,mae,rmse,fit_seconds
competition,0,elastic_a0p0001_l1_0p1,0.0001,0.1,62,64,111,0.6083248686910807,0.5919944397635426,0.5791071673636008,0.5799496068572716,0.724708777628753,0.35121170000275015
competition,0,elastic_a0p0001_l1_0p3,0.0001,0.3,62,64,111,0.6084702262530173,0.592145857836205,0.5792633681307625,0.5798721530971048,0.724574289033508,0.27151560000129393
competition,0,elastic_a0p0001_l1_0p5,0.0001,0.5,62,64,111,0.608613112436855,0.5922947014895968,0.5794169131629914,0.5797954939728304,0.7244420626876071,0.22789689999990514
competition,0,elastic_a0p0001_l1_0p7,0.0001,0.7,62,64,111,0.608753702503372,0.5924411532917861,0.5795679907949542,0.5797185166734928,0.7243119376004022,0.1901391000028525
competition,0,elastic_a0p0001_l1_0p9,0.0001,0.9,62,64,111,0.6088915647654118,0.5925847635569339,0.5797161371370252,0.57964661107798,0.724184314565048,0.14602350000131992
competition,0,elastic_a0p0003_l1_0p1,0.0003,0.1,62,64,111,0.6086541373850971,0.5923374369242803,0.5794609984400338,0.5797618399035029,0.7244040938926308,0.24805949999790755
competition,0,elastic_a0p0003_l1_0p3,0.0003,0.3,62,64,111,0.6090216621451958,0.5927202851922919,0.5798559393616721,0.5795665440155605,0.7240638590731169,0.12441720000060741
competition,0,elastic_a0p0003_l1_0p5,0.0003,0.5,62,64,111,0.6093706878217042,0.5930838630794171,0.5802310012277587,0.5793908573807053,0.7237406016456058,0.14933729999756906
competition,0,elastic_a0p0003_l1_0p7,0.0003,0.7,62,64,111,0.6095339771568006,0.5932539605692013,0.5804064714205135,0.5792987622160796,0.7235893182284179,0.060931299998628674
competition,0,elastic_a0p0003_l1_0p9,0.0003,0.9,62,64,111,0.6096280090559504,0.5933519130165894,0.5805075177960112,0.579276898596469,0.7235021857115259,0.03321689999938826
competition,0,elastic_a0p001_l1_0p1,0.001,0.1,62,64,111,0.6094033552230461,0.5931178925092186,0.5802661055118621,0.5793391677632984,0.7237103386593409,0.12565860000177054
competition,0,elastic_a0p001_l1_0p3,0.001,0.3,62,64,111,0.6098462430530007,0.5935792460206828,0.5807420313452609,0.5791860610627864,0.7232999237013988,0.0287410999990243
competition,0,elastic_a0p001_l1_0p5,0.001,0.5,62,64,111,0.6101299208623199,0.5938747514389899,0.5810468706040655,0.5791203022576057,0.7230369229680964,0.020034900000609923
competition,0,elastic_a0p001_l1_0p7,0.001,0.7,62,64,111,0.6103974946937419,0.5941534814431879,0.5813344045801703,0.5789245595042845,0.7227887647018943,0.09612879999986035
competition,0,elastic_a0p001_l1_0p9,0.001,0.9,62,64,111,0.6105856390209666,0.5943494702244467,0.5815365838672888,0.5787994297557834,0.722614221384464,0.03281720000086352
competition,0,elastic_a0p003_l1_0p1,0.003,0.1,62,64,111,0.6102412026788686,0.5939906730185739,0.5811664536851552,0.578960504192608,0.7229337262765663,0.026835099997697398
competition,0,elastic_a0p003_l1_0p3,0.003,0.3,62,64,111,0.6110652166533846,0.5948490432760665,0.5820519364440605,0.5784339000134427,0.7221691217489922,0.02469559999735793
competition,0,elastic_a0p003_l1_0p5,0.003,0.5,62,64,111,0.6120150811390743,0.5958385112321694,0.5830726577563037,0.5778312247263411,0.721286734571112,0.01400179999836837
competition,0,elastic_a0p003_l1_0p7,0.003,0.7,62,64,111,0.6127727180995776,0.5966277369649671,0.5838868119900702,0.5774708210248587,0.7205821446440698,0.010370100000727689
competition,0,elastic_a0p003_l1_0p9,0.003,0.9,62,64,111,0.6134266526319211,0.5973089365201576,0.5845895279290604,0.5770810080416321,0.7199734418488457,0.009934199999406701
competition,0,elastic_a0p01_l1_0p1,0.01,0.1,62,64,111,0.6116559403015512,0.5954643964444173,0.5826867261708202,0.5780318566764752,0.7216204893006705,0.016349600002286024
competition,0,elastic_a0p01_l1_0p3,0.01,0.3,62,64,111,0.6137335704067799,0.5976286508667368,0.5849193407798663,0.5769625163781879,0.7196875756275225,0.011071400000219
competition,0,elastic_a0p01_l1_0p5,0.01,0.5,62,64,111,0.614789038783421,0.598728125742469,0.586053543692668,0.5765427120634018,0.7187036341901634,0.009290400001191301
competition,0,elastic_a0p01_l1_0p7,0.01,0.7,62,64,111,0.6152483236697268,0.5992065599660542,0.5865470897499283,0.5764245085097146,0.7182750532307761,0.00823820000005071
competition,0,elastic_a0p01_l1_0p9,0.01,0.9,62,64,111,0.6154278367701962,0.59939355765182,0.5867399939486181,0.576430215923654,0.7181074713421769,0.008654199999000411
competition,0,elastic_a0p03_l1_0p1,0.03,0.1,62,64,111,0.612137950298377,0.5959665032749868,0.5832046925585381,0.5783155025540098,0.7211725150383815,0.012171900001703762
competition,0,elastic_a0p03_l1_0p3,0.03,0.3,62,64,111,0.6143373276689085,0.5982575810700876,0.5855681363861456,0.5769752109850197,0.7191248985560023,0.009199899999657646
competition,0,elastic_a0p03_l1_0p5,0.03,0.5,62,64,111,0.6140932031781681,0.5980032780989516,0.5853058009958942,0.5772920170476178,0.7193524655974637,0.008845299998938572
competition,0,elastic_a0p03_l1_0p7,0.03,0.7,62,64,111,0.6130773922504869,0.5969451141423638,0.5842142138498175,0.5781814605204434,0.7202986083787696,0.007836100001441082
competition,0,elastic_a0p03_l1_0p9,0.03,0.9,62,64,111,0.6118329257067052,0.5956487610456167,0.582876914116278,0.579287138761081,0.7214560335219979,0.009171999998216052
competition,1,elastic_a0p0001_l1_0p1,0.0001,0.1,62,64,111,0.6240985124649747,0.6084257468609084,0.5960574740803055,0.5500093417161418,0.7004206428292089,0.3687772999983281
competition,1,elastic_a0p0001_l1_0p3,0.0001,0.3,62,64,111,0.6242119534013724,0.6085439175822764,0.5961793773446199,0.549902424136433,0.700314947092701,0.31591649999973015
competition,1,elastic_a0p0001_l1_0p5,0.0001,0.5,62,64,111,0.6243138921177696,0.6086501065122564,0.5962889203604258,0.5498031086776445,0.7002199546502075,0.25046690000090166
competition,1,elastic_a0p0001_l1_0p7,0.0001,0.7,62,64,111,0.6244168876741925,0.6087573963459503,0.596399599053114,0.5497031728645081,0.7001239642928808,0.2158852000029583
competition,1,elastic_a0p0001_l1_0p9,0.0001,0.9,62,64,111,0.6245108321522166,0.6088552577272928,0.5965005514861521,0.5496099057026678,0.7000363979305173,0.16457230000014533
competition,1,elastic_a0p0003_l1_0p1,0.0003,0.1,62,64,111,0.6242926216441937,0.6086279491915738,0.5962660631781356,0.5498284834789651,0.7002397767821948,0.26342769999973825
competition,1,elastic_a0p0003_l1_0p3,0.0003,0.3,62,64,111,0.6245839245510993,0.6089313976268454,0.5965790963422095,0.5495430706233698,0.6999682603724977,0.12927199999830918
competition,1,elastic_a0p0003_l1_0p5,0.0003,0.5,62,64,111,0.6248486166041607,0.6092071257003602,0.5968635335685839,0.5492721478963432,0.699721455936859,0.15302620000147726
competition,1,elastic_a0p0003_l1_0p7,0.0003,0.7,62,64,111,0.6250947601383652,0.6094635318965771,0.5971280386164287,0.5490082956024698,0.6994918683888335,0.18253399999957765
competition,1,elastic_a0p0003_l1_0p9,0.0003,0.9,62,64,111,0.6252892815704383,0.6096661636684891,0.597337070719846,0.5488159351900922,0.6993103774416244,0.0816876000026241
competition,1,elastic_a0p001_l1_0p1,0.001,0.1,62,64,111,0.62486942558319,0.6092288022850298,0.5968858948303232,0.5492973948229779,0.6997020495163256,0.11339340000267839
competition,1,elastic_a0p001_l1_0p3,0.001,0.3,62,64,111,0.6255780888143077,0.6099670123870214,0.5976474220524717,0.5485960330974087,0.6990408297292802,0.05530999999973574
competition,1,elastic_a0p001_l1_0p5,0.001,0.5,62,64,111,0.62610276674253,0.6105135661376582,0.5982112392616299,0.5480733638929952,0.6985508745975072,0.026102700001501944
competition,1,elastic_a0p001_l1_0p7,0.001,0.7,62,64,111,0.626571593613767,0.6110019401878916,0.5987150391051166,0.5476316497857167,0.6981127834343952,0.020060800001374446
competition,1,elastic_a0p001_l1_0p9,0.001,0.9,62,64,111,0.626846926842278,0.6112887531080147,0.5990109113043028,0.547411261710901,0.6978553725268924,0.01760880000074394
competition,1,elastic_a0p003_l1_0p1,0.003,0.1,62,64,111,0.6260437771800451,0.6104521170754997,0.5981478492680726,0.5482808876782422,0.698605977419378,0.04009360000054585
competition,1,elastic_a0p003_l1_0p3,0.003,0.3,62,64,111,0.6271479235201738,0.6116022994845328,0.5993343613634126,0.5472571257771199,0.6975738600061483,0.020334400000137975
competition,1,elastic_a0p003_l1_0p5,0.003,0.5,62,64,111,0.6278386093523463,0.6123217826413041,0.6000765701306463,0.5469002446309331,0.6969274539008141,0.01718270000128541
competition,1,elastic_a0p003_l1_0p7,0.003,0.7,62,64,111,0.6284467340898248,0.612955262416697,0.6007300590118481,0.5465154348058221,0.6963578191792981,0.011264499997196253
competition,1,elastic_a0p003_l1_0p9,0.003,0.9,62,64,111,0.6287872663156662,0.6133099927288275,0.6010959938432461,0.5462122642912308,0.6960386366308742,0.009481300003244542
competition,1,elastic_a0p01_l1_0p1,0.01,0.1,62,64,111,0.6278431186426925,0.6123264799411501,0.6000814157995062,0.5470056202720478,0.6969232317302203,0.01490639999974519
competition,1,elastic_a0p01_l1_0p3,0.01,0.3,62,64,111,0.6292860396588666,0.6138295618335686,0.6016319740689031,0.5458298156405291,0.6955708695254256,0.011341399997036206
competition,1,elastic_a0p01_l1_0p5,0.01,0.5,62,64,111,0.6302323215507504,0.6148152978238761,0.6026488455373991,0.5450021375998133,0.6946825475860686,0.009444700001040474
competition,1,elastic_a0p01_l1_0p7,0.01,0.7,62,64,111,0.6306511229701843,0.61525156067057,0.6030988881917505,0.5446555281915919,0.6942890350116824,0.008140100002492545
competition,1,elastic_a0p01_l1_0p9,0.01,0.9,62,64,111,0.6308121382855065,0.6154192893280293,0.6032719147301915,0.5445466780063678,0.6941376830499322,0.008798599999863654
competition,1,elastic_a0p03_l1_0p1,0.03,0.1,62,64,111,0.6274328151691824,0.611899069352132,0.5996405050104319,0.5478440365422438,0.6973073053096874,0.012969100000191247
competition,1,elastic_a0p03_l1_0p3,0.03,0.3,62,64,111,0.6283658674818223,0.6128710241716182,0.6006431600157486,0.5464854099325196,0.6964335943591782,0.00849469999957364
competition,1,elastic_a0p03_l1_0p5,0.03,0.5,62,64,111,0.6284844317014815,0.612994531785452,0.600770568743729,0.5461831762486556,0.6963224922222532,0.008599199998570839
competition,1,elastic_a0p03_l1_0p7,0.03,0.7,62,64,111,0.6282623617364308,0.6127632028772332,0.6005319330756403,0.5462483288286929,0.6965305712694086,0.008480099997541402
competition,1,elastic_a0p03_l1_0p9,0.03,0.9,62,64,111,0.627809165707157,0.6122911113783349,0.6000449300845054,0.5464325826694862,0.6969550221539216,0.00985459999719751
competition,2,elastic_a0p0001_l1_0p1,0.0001,0.1,62,64,111,0.6106900087235195,0.5944581914976597,0.5816487392129757,0.5640923936338653,0.7088397501947774,0.2815413000025728
competition,2,elastic_a0p0001_l1_0p3,0.0001,0.3,62,64,111,0.6107008842636721,0.5944695204805288,0.5816604260333411,0.56406355310687,0.7088298492557096,0.17503080000096816
competition,2,elastic_a0p0001_l1_0p5,0.0001,0.5,62,64,111,0.6107145408989957,0.5944837465130255,0.5816751014096062,0.5640358759092193,0.7088174162507735,0.1500214000006963
competition,2,elastic_a0p0001_l1_0p7,0.0001,0.7,62,64,111,0.6107233885272846,0.5944929630326568,0.5816846090424248,0.5640202539202884,0.708809361250887,0.16830060000211233
competition,2,elastic_a0p0001_l1_0p9,0.0001,0.9,62,64,111,0.6107275863543713,0.5944973358831529,0.5816891200138707,0.5640143070495567,0.7088055394605843,0.18593279999913648
competition,2,elastic_a0p0003_l1_0p1,0.0003,0.1,62,64,111,0.6106764739064385,0.5944440923624725,0.5816341947422011,0.5640833852343916,0.7088520719090774,0.18124799999714014
competition,2,elastic_a0p0003_l1_0p3,0.0003,0.3,62,64,111,0.610700710179574,0.5944693391382012,0.5816602389631309,0.5640429073067856,0.7088300077405174,0.18976819999807049
competition,2,elastic_a0p0003_l1_0p5,0.0003,0.5,62,64,111,0.6106961575308864,0.5944645966722393,0.5816553467015372,0.5640031109477601,0.708834152423868,0.18072900000333902
competition,2,elastic_a0p0003_l1_0p7,0.0003,0.7,62,64,111,0.6107119655487322,0.5944810637865947,0.5816723339465206,0.5639581494728219,0.7088197608671186,0.1381017999992764
competition,2,elastic_a0p0003_l1_0p9,0.0003,0.9,62,64,111,0.6108409129845207,0.5946153875324095,0.5818109004450596,0.5638254640929263,0.7087023567182371,0.07470520000060787
competition,2,elastic_a0p001_l1_0p1,0.001,0.1,62,64,111,0.6106027644062448,0.5943673096323032,0.5815549867510654,0.5641261746453831,0.7089191711923466,0.2406607000011718
competition,2,elastic_a0p001_l1_0p3,0.001,0.3,62,64,111,0.6108369440850769,0.5946112531544221,0.5818066354785202,0.5638339197150156,0.7087059706145994,0.056064399999741
competition,2,elastic_a0p001_l1_0p5,0.001,0.5,62,64,111,0.6112301445860965,0.5950208476828458,0.582229167468527,0.5634485530065736,0.7083478508461449,0.034958100000949344
competition,2,elastic_a0p001_l1_0p7,0.001,0.7,62,64,111,0.6117367802058166,0.5955486068723783,0.5827735964711698,0.5629423331208961,0.7078861493500898,0.036460200000874465
competition,2,elastic_a0p001_l1_0p9,0.001,0.9,62,64,111,0.6121655151626171,0.5959952174234688,0.5832343136727316,0.5624987545151722,0.7074952040437974,0.03799380000054953
competition,2,elastic_a0p003_l1_0p1,0.003,0.1,62,64,111,0.6105946997665224,0.5943589087470158,0.5815463205152347,0.5640838980573923,0.7089265122153229,0.04300359999979264
competition,2,elastic_a0p003_l1_0p3,0.003,0.3,62,64,111,0.6119277482130336,0.5957475370636096,0.5829788100756995,0.562723324787838,0.7077120403602944,0.026376099998742575
competition,2,elastic_a0p003_l1_0p5,0.003,0.5,62,64,111,0.6126223553938612,0.596471105065006,0.5837252327115485,0.5617902608974099,0.7070783928506547,0.017745799999829615
competition,2,elastic_a0p003_l1_0p7,0.003,0.7,62,64,111,0.6131662697482596,0.5970376972817375,0.5843097213222225,0.5611538013851292,0.7065818164634211,0.015554000001429813
competition,2,elastic_a0p003_l1_0p9,0.003,0.9,62,64,111,0.6135984333342883,0.5974878794146756,0.5847741229176928,0.5606808671035165,0.7061870160094166,0.016252699999313336
competition,2,elastic_a0p01_l1_0p1,0.01,0.1,62,64,111,0.6105857247414996,0.5943495595189954,0.5815366759822971,0.5639167034298364,0.7089346818479929,0.01950359999682405
competition,2,elastic_a0p01_l1_0p3,0.01,0.3,62,64,111,0.6122921322374868,0.596127113646737,0.5833703759729445,0.5621087158518115,0.7073797059520406,0.011638199997832999
competition,2,elastic_a0p01_l1_0p5,0.01,0.5,62,64,111,0.6130907105697372,0.5969589877531009,0.5842285256727217,0.5614735463504841,0.7066508204444872,0.009827399997448083
competition,2,elastic_a0p01_l1_0p7,0.01,0.7,62,64,111,0.6133083852768906,0.5971857381483701,0.5844624382108522,0.5614879321875972,0.7064520120216483,0.00937789999807137
competition,2,elastic_a0p01_l1_0p9,0.01,0.9,62,64,111,0.6132526154467257,0.5971276430614426,0.5844025081312596,0.5616711699676482,0.706502953504192,0.008660299998155097
competition,2,elastic_a0p03_l1_0p1,0.03,0.1,62,64,111,0.6071881211348513,0.5908102968694641,0.5778856221066044,0.5669253162558642,0.7120206600781684,0.013453300001856405
competition,2,elastic_a0p03_l1_0p3,0.03,0.3,62,64,111,0.6072804726985634,0.590906498921826,0.5779848627990611,0.5666859666498694,0.7119369557781836,0.010255099998175865
competition,2,elastic_a0p03_l1_0p5,0.03,0.5,62,64,111,0.6063700694443666,0.5899581374863467,0.5770065463988858,0.5676420960390222,0.7127616849749012,0.010596600001008483
competition,2,elastic_a0p03_l1_0p7,0.03,0.7,62,64,111,0.6052725271687414,0.5888148344904348,0.575827131009958,0.568700249552482,0.7137546754411157,0.008202900000469526
competition,2,elastic_a0p03_l1_0p9,0.03,0.9,62,64,111,0.6040067368348312,0.5874962685334821,0.5744669168003327,0.5697842670052504,0.7148981740516902,0.010064699999929871
competition,3,elastic_a0p0001_l1_0p1,0.0001,0.1,62,64,111,0.6118140425377332,0.595629090565365,0.5828566223238141,0.5665214874829287,0.715536766794865,1.0349730999987514
competition,3,elastic_a0p0001_l1_0p3,0.0001,0.3,62,64,111,0.6119403670061458,0.5957606819822978,0.5829923701900721,0.5664176863842962,0.7154203314178578,0.39214329999958863
competition,3,elastic_a0p0001_l1_0p5,0.0001,0.5,62,64,111,0.6120640267827746,0.595889497606291,0.5831252545871348,0.5663137016390779,0.7153063337743519,0.25821609999911743
competition,3,elastic_a0p0001_l1_0p7,0.0001,0.7,62,64,111,0.6121864318020309,0.5960170061572947,0.5832567906259727,0.566212717606384,0.7151934749530604,0.217254099999991
competition,3,elastic_a0p0001_l1_0p9,0.0001,0.9,62,64,111,0.6122992529896061,0.5961345312901499,0.5833780279102017,0.5661302544327256,0.7150894367590793,0.18097210000269115
competition,3,elastic_a0p0003_l1_0p1,0.0003,0.1,62,64,111,0.6119778351360194,0.5957997123012997,0.5830326333215693,0.5663850883051345,0.7153857927713747,0.31725530000039726
competition,3,elastic_a0p0003_l1_0p3,0.0003,0.3,62,64,111,0.6123174801125024,0.5961535183712647,0.5833976147176689,0.5661187743593059,0.7150726271754724,0.17910610000035376
competition,3,elastic_a0p0003_l1_0p5,0.0003,0.5,62,64,111,0.6125976223275288,0.5964453407828785,0.5836986546382517,0.5658992590623112,0.7148142221391033,0.07637509999767644
competition,3,elastic_a0p0003_l1_0p7,0.0003,0.7,62,64,111,0.6128625866967945,0.5967213525264979,0.5839833844947409,0.5657022983391858,0.7145697312600392,0.07101320000219857
competition,3,elastic_a0p0003_l1_0p9,0.0003,0.9,62,64,111,0.6131546372642379,0.5970255797951247,0.5842972210924169,0.5654878305933642,0.7143001501482619,0.059987399999954505
competition,3,elastic_a0p001_l1_0p1,0.001,0.1,62,64,111,0.6124007941110099,0.5962403060478858,0.5834871436717102,0.566047444351448,0.7149957875479199,0.10699340000064694
competition,3,elastic_a0p001_l1_0p3,0.001,0.3,62,64,111,0.6132832545469817,0.5971595596225562,0.584435432809559,0.5653864145003697,0.7141813960015422,0.05522420000124839
competition,3,elastic_a0p001_l1_0p5,0.001,0.5,62,64,111,0.6140175099116044,0.5979244288916322,0.5852244612558168,0.5647665255472971,0.7135030691921045,0.03591009999945527
competition,3,elastic_a0p001_l1_0p7,0.001,0.7,62,64,111,0.6146022945770144,0.5985335954584013,0.5858528689708643,0.5643107627824991,0.712962366152906,0.028686099998594727
competition,3,elastic_a0p001_l1_0p9,0.001,0.9,62,64,111,0.6151444443636129,0.5990983495357767,0.5864354613826728,0.5639168778335418,0.7124607175683203,0.021451500000694068
competition,3,elastic_a0p003_l1_0p1,0.003,0.1,62,64,111,0.6131654537667588,0.5970368472788582,0.584308844471134,0.5654112051867515,0.7142901638796806,0.03721479999876465
competition,3,elastic_a0p003_l1_0p3,0.003,0.3,62,64,111,0.6147846147283073,0.5987235172316374,0.5860487896173141,0.5642000558678189,0.712793705595822,0.020148699997662334
competition,3,elastic_a0p003_l1_0p5,0.003,0.5,62,64,111,0.6160814867573823,0.600074460798081,0.5874424041163,0.5633823664917346,0.7115928429177503,0.0185892999979842
competition,3,elastic_a0p003_l1_0p7,0.003,0.7,62,64,111,0.6168324780785863,0.6008567638095501,0.5882494169675131,0.5628355094630134,0.7108965211403212,0.0340637000008428
competition,3,elastic_a0p003_l1_0p9,0.003,0.9,62,64,111,0.6173247265897389,0.6013695360371287,0.5887783856296993,0.5624485356996791,0.7104397363190051,0.017431399999622954
competition,3,elastic_a0p01_l1_0p1,0.01,0.1,62,64,111,0.6133831100132465,0.5972635784437663,0.5845427371714927,0.5650927801669186,0.714089184426344,0.021885900001507252
competition,3,elastic_a0p01_l1_0p3,0.01,0.3,62,64,111,0.6156622151427056,0.5996377081519129,0.5869918561916574,0.563499647364993,0.7119812967931605,0.012940900000103284
competition,3,elastic_a0p01_l1_0p5,0.01,0.5,62,64,111,0.6168554719839392,0.6008807164184486,0.5882741261440314,0.5628571554350416,0.7108751903494396,0.011027000000467524
competition,3,elastic_a0p01_l1_0p7,0.01,0.7,62,64,111,0.6177043324447884,0.6017649691069815,0.5891863088570004,0.5623548842024653,0.7100872782213865,0.008341000000655185
competition,3,elastic_a0p01_l1_0p9,0.01,0.9,62,64,111,0.6182259258391285,0.6023083097177632,0.5897468114359989,0.5621218442938389,0.7096027013815948,0.008425899999565445
competition,3,elastic_a0p03_l1_0p1,0.03,0.1,62,64,111,0.6095836849424454,0.5933057408618698,0.5804598872466198,0.5680946751805881,0.7175894132683748,0.01135710000016843
competition,3,elastic_a0p03_l1_0p3,0.03,0.3,62,64,111,0.6123232631588464,0.5961595425348505,0.5834038291606152,0.5663219664462957,0.7150672937991246,0.009701700000732671
competition,3,elastic_a0p03_l1_0p5,0.03,0.5,62,64,111,0.6125269946071373,0.5963717683236565,0.5836227583177505,0.5663393475371267,0.7148793784224763,0.008601500001532258
competition,3,elastic_a0p03_l1_0p7,0.03,0.7,62,64,111,0.6119140861639525,0.5957333053916352,0.5829641288818279,0.5668617863419729,0.71544455647106,0.008212900000216905
competition,3,elastic_a0p03_l1_0p9,0.03,0.9,62,64,111,0.6110599051936656,0.5948435103613494,0.5820462287665802,0.5674475043198971,0.7162314740109549,0.007846000000427011
competition,4,elastic_a0p0001_l1_0p1,0.0001,0.1,62,64,111,0.6288778461845943,0.6134043492176979,0.6011933306782031,0.5600122378968335,0.6924482679769054,0.39553739999973914
competition,4,elastic_a0p0001_l1_0p3,0.0001,0.3,62,64,111,0.6290127472154359,0.6135448747866332,0.6013382948907809,0.5599139862067518,0.6923224058120714,0.3213328999991063
competition,4,elastic_a0p0001_l1_0p5,0.0001,0.5,62,64,111,0.6291454768874287,0.6136831384644942,0.6014809257681442,0.5598175412726495,0.6921985471811615,0.2978010999977414
competition,4,elastic_a0p0001_l1_0p7,0.0001,0.7,62,64,111,0.6292759604530449,0.6138190623872435,0.6016211429868406,0.5597245801468965,0.6920767629301391,0.26920109999991837
competition,4,elastic_a0p0001_l1_0p9,0.0001,0.9,62,64,111,0.6294047632258855,0.6139532354385608,0.6017595540310422,0.5596325014409501,0.6919565263921129,0.26365630000145757
competition,4,elastic_a0p0003_l1_0p1,0.0003,0.1,62,64,111,0.6291373591790126,0.6136746822978769,0.6014722025048663,0.5598114124547068,0.6922061229755406,0.3281648000011046
competition,4,elastic_a0p0003_l1_0p3,0.0003,0.3,62,64,111,0.6295018416073367,0.6140543613877076,0.6018638741465936,0.5595607131417047,0.6918658905546425,0.24698470000294037
competition,4,elastic_a0p0003_l1_0p5,0.0003,0.5,62,64,111,0.629813194642868,0.6143786959178801,0.602198453114211,0.5593734548230858,0.6915751201203411,0.20439229999828967
competition,4,elastic_a0p0003_l1_0p7,0.0003,0.7,62,64,111,0.6301315395256754,0.6147103138120878,0.6025405454983568,0.559177435021515,0.6912776935918025,0.16794469999877037
competition,4,elastic_a0p0003_l1_0p9,0.0003,0.9,62,64,111,0.6304217987134894,0.6150126750116414,0.6028524570852618,0.5590240382100697,0.69100639567859,0.08398229999875184
competition,4,elastic_a0p001_l1_0p1,0.001,0.1,62,64,111,0.6298400418616756,0.6144066624995566,0.6022273030489378,0.5593056424111554,0.691550041963923,0.18752880000101868
competition,4,elastic_a0p001_l1_0p3,0.001,0.3,62,64,111,0.6306925053804594,0.6152946684712408,0.6031433575963405,0.5588697179232454,0.6907532769823125,0.027970400002232054
competition,4,elastic_a0p001_l1_0p5,0.001,0.5,62,64,111,0.6313004944690812,0.6159280069420592,0.6037967007097184,0.5585248065216648,0.6901844509326116,0.04549820000102045
competition,4,elastic_a0p001_l1_0p7,0.001,0.7,62,64,111,0.6317711411661089,0.6164182766935558,0.6043024561321291,0.5582564864551769,0.6897437983737584,0.023180500000307802
competition,4,elastic_a0p001_l1_0p9,0.001,0.9,62,64,111,0.6321766583724546,0.6168407014576904,0.6047382236139482,0.5579991119847493,0.6893638987262438,0.01906289999897126
competition,4,elastic_a0p003_l1_0p1,0.003,0.1,62,64,111,0.6310199619659393,0.615635777969731,0.6034952413867856,0.5585906990602811,0.6904469714309865,0.03498609999951441
competition,4,elastic_a0p003_l1_0p3,0.003,0.3,62,64,111,0.6323417976587431,0.6170127260301825,0.6049156817582865,0.5577928519520036,0.689209131709261,0.015334100000472972
competition,4,elastic_a0p003_l1_0p5,0.003,0.5,62,64,111,0.633112300095003,0.6178153536494526,0.6057436611907996,0.5571518365399502,0.6884865640802122,0.011785099999542581
competition,4,elastic_a0p003_l1_0p7,0.003,0.7,62,64,111,0.6339546863855392,0.6186928622348385,0.6066488867812347,0.556494013381119,0.6876957159075957,0.010903700000199024
competition,4,elastic_a0p003_l1_0p9,0.003,0.9,62,64,111,0.6346295606784416,0.6193958746090085,0.6073741045193737,0.5558693269776446,0.6870614743832247,0.009795400001166854
competition,4,elastic_a0p01_l1_0p1,0.01,0.1,62,64,111,0.6321536442269151,0.6168167277647149,0.6047134926873907,0.5576560456817924,0.6893854646128301,0.016599200000200653
competition,4,elastic_a0p01_l1_0p3,0.01,0.3,62,64,111,0.6342478076586386,0.6189982048509206,0.6069638739557548,0.5557466422029905,0.6874203147382495,0.015139499999349937
competition,4,elastic_a0p01_l1_0p5,0.01,0.5,62,64,111,0.635105949233249,0.6198921256182184,0.6078860301236326,0.5547064077948055,0.6866134154442756,0.010090600000694394
competition,4,elastic_a0p01_l1_0p7,0.01,0.7,62,64,111,0.6351412433220355,0.6199288912520747,0.6079239570375905,0.5544599045554766,0.6865802085711941,0.00929069999983767
competition,4,elastic_a0p01_l1_0p9,0.01,0.9,62,64,111,0.6349686781870598,0.6197491312189634,0.6077385191002075,0.5544696326498016,0.6867425533119057,0.009488300001976313
competition,4,elastic_a0p03_l1_0p1,0.03,0.1,62,64,111,0.6301023413949935,0.6146798983000616,0.6025091692813136,0.558076208010657,0.6913049784515111,0.013459499998134561
competition,4,elastic_a0p03_l1_0p3,0.03,0.3,62,64,111,0.6305883896751037,0.615186211785336,0.6030314751952223,0.5569315820651275,0.6908506392043042,0.0087511000019731
competition,4,elastic_a0p03_l1_0p5,0.03,0.5,62,64,111,0.6292801168945449,0.6138233921266301,0.6016256094854686,0.5576610756580029,0.69207288324561,0.008111700000881683
competition,4,elastic_a0p03_l1_0p7,0.03,0.7,62,64,111,0.6277438786384227,0.6122231022428912,0.5999747728110469,0.5587716607059541,0.6935053525009386,0.009146099997451529
competition,4,elastic_a0p03_l1_0p9,0.03,0.9,62,64,111,0.6259305063032723,0.6103341235041905,0.5980261287492825,0.5600532406456807,0.6951924377493738,0.008697199999005534
scientific_proxy_removed,0,elastic_a0p0001_l1_0p1,0.0001,0.1,58,60,103,0.6083034849345519,0.5930326656337547,0.5813350751406072,0.5801130710254355,0.724728560330417,0.37164259999917704
scientific_proxy_removed,0,elastic_a0p0001_l1_0p3,0.0001,0.3,58,60,103,0.6084404856027336,0.5931750074585906,0.5814815083414244,0.5800418215554289,0.7246018078874663,0.2895100999994611
scientific_proxy_removed,0,elastic_a0p0001_l1_0p5,0.0001,0.5,58,60,103,0.6085751075152024,0.5933148777886996,0.5816253990085619,0.5799726732823945,0.7244772346573017,0.22832500000004075
scientific_proxy_removed,0,elastic_a0p0001_l1_0p7,0.0001,0.7,58,60,103,0.6087074984322444,0.5934524301450024,0.5817669050756409,0.579904087219297,0.7243547049984747,0.1979810999982874
scientific_proxy_removed,0,elastic_a0p0001_l1_0p9,0.0001,0.9,58,60,103,0.6088326653074596,0.593582476820421,0.5819006897236818,0.5798402936034703,0.7242388422279394,0.14217309999730787
scientific_proxy_removed,0,elastic_a0p0003_l1_0p1,0.0003,0.1,58,60,103,0.6086373427427852,0.5933795393409446,0.5816919191482044,0.579928316722369,0.7244196376587516,0.25647899999967194
scientific_proxy_removed,0,elastic_a0p0003_l1_0p3,0.0003,0.3,58,60,103,0.6089741223072835,0.5937294487130256,0.5820518860757663,0.579756455678574,0.7241078779213153,0.12234020000323653
scientific_proxy_removed,0,elastic_a0p0003_l1_0p5,0.0003,0.5,58,60,103,0.6093057106227628,0.5940739644482116,0.5824063043354263,0.5796102823886022,0.723800792573618,0.14587200000096345
scientific_proxy_removed,0,elastic_a0p0003_l1_0p7,0.0003,0.7,58,60,103,0.6094858246910487,0.5942611005074638,0.5825988193054725,0.5795175982011088,0.7236339335517626,0.07178769999882206
scientific_proxy_removed,0,elastic_a0p0003_l1_0p9,0.0003,0.9,58,60,103,0.6095910380834721,0.5943704157865315,0.5827112766680962,0.5794796890011678,0.7235364452725688,0.033752800001821015
scientific_proxy_removed,0,elastic_a0p001_l1_0p1,0.001,0.1,58,60,103,0.6094005491848351,0.5941725004201113,0.5825076725578551,0.5795201430279601,0.7237129382147185,0.12362080000093556
scientific_proxy_removed,0,elastic_a0p001_l1_0p3,0.001,0.3,58,60,103,0.6098495594171633,0.5946390159246551,0.5829875972647354,0.5793626461115603,0.7232968496171429,0.02930019999985234
scientific_proxy_removed,0,elastic_a0p001_l1_0p5,0.001,0.5,58,60,103,0.6101968518488687,0.594999848022314,0.5833588008732227,0.5792386113136365,0.7229748565845413,0.01969019999887678
scientific_proxy_removed,0,elastic_a0p001_l1_0p7,0.001,0.7,58,60,103,0.6105132517289374,0.595328583180358,0.583696984969633,0.579069636661695,0.7226813807669612,0.09116180000273744
scientific_proxy_removed,0,elastic_a0p001_l1_0p9,0.001,0.9,58,60,103,0.6107046966927019,0.5955274918853999,0.5839016109703412,0.5789071398275252,0.7225037486436013,0.0324350000009872
scientific_proxy_removed,0,elastic_a0p003_l1_0p1,0.003,0.1,58,60,103,0.6103292133764331,0.5951373698433506,0.5835002755273506,0.57908330347579,0.7228520995189451,0.02666780000072322
scientific_proxy_removed,0,elastic_a0p003_l1_0p3,0.003,0.3,58,60,103,0.6111894223756982,0.5960311152558424,0.5844197101462175,0.5785476960999442,0.7220538007445763,0.024360600000363775
scientific_proxy_removed,0,elastic_a0p003_l1_0p5,0.003,0.5,58,60,103,0.6120836137288799,0.5969601678703567,0.5853754668131543,0.577926630945663,0.7212230287045049,0.013136500001564855
scientific_proxy_removed,0,elastic_a0p003_l1_0p7,0.003,0.7,58,60,103,0.6128369223672963,0.597742845266606,0.5861806409527451,0.5775360771170313,0.7205224040615098,0.010259400001814356
scientific_proxy_removed,0,elastic_a0p003_l1_0p9,0.003,0.9,58,60,103,0.6134686521772029,0.5983992039190043,0.5868558655289756,0.5771248025268307,0.7199343297647539,0.010295200001564808
scientific_proxy_removed,0,elastic_a0p01_l1_0p1,0.01,0.1,58,60,103,0.6118998512989484,0.5967692412131375,0.5851790522907878,0.578049990449778,0.7213938361372805,0.01299730000027921
scientific_proxy_removed,0,elastic_a0p01_l1_0p3,0.01,0.3,58,60,103,0.6137656620669776,0.5987077931417135,0.5871733246290757,0.5770248701107179,0.7196576785835538,0.01101330000165035
scientific_proxy_removed,0,elastic_a0p01_l1_0p5,0.01,0.5,58,60,103,0.6147898169206236,0.5997718760598292,0.5882679928182334,0.5765453147673907,0.7187029082888077,0.008771699998760596
scientific_proxy_removed,0,elastic_a0p01_l1_0p7,0.01,0.7,58,60,103,0.6152481906795766,0.6002481201407686,0.5887579257330501,0.5764245977596789,0.718275177367336,0.009398400001373375
scientific_proxy_removed,0,elastic_a0p01_l1_0p9,0.01,0.9,58,60,103,0.6154278025467421,0.6004347344199095,0.5889499039252946,0.576430202619688,0.7181075032947203,0.008188299998437287
scientific_proxy_removed,0,elastic_a0p03_l1_0p1,0.03,0.1,58,60,103,0.6125975712336715,0.5974941627047698,0.5859248104295727,0.5780070661990144,0.7207450895631496,0.012575900000229012
scientific_proxy_removed,0,elastic_a0p03_l1_0p3,0.03,0.3,58,60,103,0.6140188079074484,0.598970808215731,0.5874438996283489,0.5772324212643691,0.7194218007878269,0.008912500001315493
scientific_proxy_removed,0,elastic_a0p03_l1_0p5,0.03,0.5,58,60,103,0.6136639364421882,0.5986021016056262,0.5870645951678202,0.5776402995967562,0.7197524433417772,0.007668800000828924
scientific_proxy_removed,0,elastic_a0p03_l1_0p7,0.03,0.7,58,60,103,0.6129641811009499,0.5978750653543983,0.5863166614842372,0.578282668911704,0.720403978119065,0.008288299999549054
scientific_proxy_removed,0,elastic_a0p03_l1_0p9,0.03,0.9,58,60,103,0.6117358023784756,0.5965987966232504,0.5850037085582771,0.5793461710359612,0.7215462856753444,0.007452700003341306
scientific_proxy_removed,1,elastic_a0p0001_l1_0p1,0.0001,0.1,58,60,103,0.624422722042441,0.6097803330382476,0.598564126033331,0.5500234193554486,0.7001185263528393,0.3675474999981816
scientific_proxy_removed,1,elastic_a0p0001_l1_0p3,0.0001,0.3,58,60,103,0.6245237917635873,0.6098853430993997,0.5986721544318022,0.5499185967498709,0.7000243173184517,0.2972044000016467
scientific_proxy_removed,1,elastic_a0p0001_l1_0p5,0.0001,0.5,58,60,103,0.6246048823626891,0.609969595125367,0.5987588281403341,0.5498317418532133,0.6999487220407342,0.2633418999976129
scientific_proxy_removed,1,elastic_a0p0001_l1_0p7,0.0001,0.7,58,60,103,0.6246873407811282,0.6100552682969617,0.5988469638429306,0.5497453674336825,0.6998718432645843,0.22343940000064322
scientific_proxy_removed,1,elastic_a0p0001_l1_0p9,0.0001,0.9,58,60,103,0.6247672108204322,0.6101382521779539,0.5989323329557962,0.549662398041874,0.6997973696696776,0.18831700000009732
scientific_proxy_removed,1,elastic_a0p0003_l1_0p1,0.0003,0.1,58,60,103,0.6245950855425615,0.6099594163629343,0.5987483568065213,0.5498419982325031,0.699957855386731,0.35076520000075107
scientific_proxy_removed,1,elastic_a0p0003_l1_0p3,0.0003,0.3,58,60,103,0.6248350315264426,0.6102087169660699,0.5990048231355493,0.5495958960586601,0.6997341250682095,0.2088609999991604
scientific_proxy_removed,1,elastic_a0p0003_l1_0p5,0.0003,0.5,58,60,103,0.6250555292128782,0.6104378110535362,0.5992405021466526,0.5493530940560571,0.6995284656307452,0.18638260000079754
scientific_proxy_removed,1,elastic_a0p0003_l1_0p7,0.0003,0.7,58,60,103,0.6252562097560976,0.6106463153996102,0.5994549995989304,0.549112904813295,0.699341237184286,0.22586819999924046
scientific_proxy_removed,1,elastic_a0p0003_l1_0p9,0.0003,0.9,58,60,103,0.6254228061344995,0.6108194067635249,0.5996330661825299,0.5488982174290746,0.6991857700731772,0.13814230000207317
scientific_proxy_removed,1,elastic_a0p001_l1_0p1,0.001,0.1,58,60,103,0.6250932102935491,0.6104769611821865,0.5992807775798028,0.5493475166450732,0.6994933142244879,0.1435633000000962
scientific_proxy_removed,1,elastic_a0p001_l1_0p3,0.001,0.3,58,60,103,0.6256787089085238,0.6110852862538854,0.5999065879309691,0.548660706058524,0.6989468952155481,0.08027809999839519
scientific_proxy_removed,1,elastic_a0p001_l1_0p5,0.001,0.5,58,60,103,0.626169412916769,0.6115951210226859,0.6004310770413861,0.5480954781233577,0.6984886144174953,0.03350030000001425
scientific_proxy_removed,1,elastic_a0p001_l1_0p7,0.001,0.7,58,60,103,0.626586727043656,0.6120287047061768,0.6008771233574907,0.547682723228133,0.698098637552988,0.029937700001028134
scientific_proxy_removed,1,elastic_a0p001_l1_0p9,0.001,0.9,58,60,103,0.6268477148745102,0.6122998675011968,0.601156080270282,0.5474657004370741,0.697854635653935,0.02602380000098492
scientific_proxy_removed,1,elastic_a0p003_l1_0p1,0.003,0.1,58,60,103,0.626119171230047,0.6115429205957409,0.6003773762010998,0.5483273862986816,0.6985355502064997,0.05978329999925336
scientific_proxy_removed,1,elastic_a0p003_l1_0p3,0.003,0.3,58,60,103,0.6271840585364254,0.6126493239764421,0.6015155812832516,0.5472573293594246,0.697540056448224,0.03115339999931166
scientific_proxy_removed,1,elastic_a0p003_l1_0p5,0.003,0.5,58,60,103,0.6278383845296109,0.6133291597549368,0.6022149577960213,0.5469003343188344,0.6969276644077563,0.02541199999905075
scientific_proxy_removed,1,elastic_a0p003_l1_0p7,0.003,0.7,58,60,103,0.6284468046498306,0.6139612999578161,0.6028652678041972,0.5465153571568385,0.6963577530582077,0.016092800000478746
scientific_proxy_removed,1,elastic_a0p003_l1_0p9,0.003,0.9,58,60,103,0.6287872718537261,0.6143150407369122,0.603229176266115,0.5462124869034674,0.6960386314388328,0.014132699998299358
scientific_proxy_removed,1,elastic_a0p01_l1_0p1,0.01,0.1,58,60,103,0.6278528358348497,0.6133441744638887,0.6022304040774897,0.5469538936719396,0.6969141331732577,0.024215900000854162
scientific_proxy_removed,1,elastic_a0p01_l1_0p3,0.01,0.3,58,60,103,0.6292465378956682,0.6147922118877021,0.6037200628978432,0.5458658739787612,0.6956079271315778,0.015389799998956732
scientific_proxy_removed,1,elastic_a0p01_l1_0p5,0.01,0.5,58,60,103,0.6302308838858108,0.6158149339398387,0.6047721813726012,0.5450157730031416,0.6946838980553366,0.012196399999083951
scientific_proxy_removed,1,elastic_a0p01_l1_0p7,0.01,0.7,58,60,103,0.630621448574894,0.6162207253224532,0.6051896365449569,0.5447149201551463,0.694316924894057,0.0139433000003919
scientific_proxy_removed,1,elastic_a0p01_l1_0p9,0.01,0.9,58,60,103,0.6307211075821254,0.6163242696710971,0.605296157101483,0.5447296500504968,0.6942232545888491,0.014687900002172682
scientific_proxy_removed,1,elastic_a0p03_l1_0p1,0.03,0.1,58,60,103,0.627486699791343,0.6129637641106935,0.6018390594694902,0.5478309504375608,0.6972568774930447,0.017475099997682264
scientific_proxy_removed,1,elastic_a0p03_l1_0p3,0.03,0.3,58,60,103,0.6282605614910396,0.613767795857162,0.6026662017541259,0.5467680189801559,0.696532257841205,0.011731200000212993
scientific_proxy_removed,1,elastic_a0p03_l1_0p5,0.03,0.5,58,60,103,0.6283680400959979,0.6138794646611441,0.6027810802897731,0.5464480975808597,0.6964315586423556,0.014813199999480275
scientific_proxy_removed,1,elastic_a0p03_l1_0p7,0.03,0.7,58,60,103,0.6282388066848417,0.6137451929103716,0.6026429491237044,0.5463794520028966,0.6965526386523636,0.011067799998272676
scientific_proxy_removed,1,elastic_a0p03_l1_0p9,0.03,0.9,58,60,103,0.6277668301139967,0.6132548156934898,0.6021384768397599,0.5466114697174711,0.6969946593004378,0.012977799997315742
scientific_proxy_removed,2,elastic_a0p0001_l1_0p1,0.0001,0.1,58,60,103,0.6111816650580035,0.5960230555086079,0.5844114187351255,0.5634361954328871,0.7083920148914842,0.44478239999807556
scientific_proxy_removed,2,elastic_a0p0001_l1_0p3,0.0001,0.3,58,60,103,0.611172847749365,0.5960138944452467,0.5844019943524295,0.5634366064410472,0.7084000470173644,0.27803230000063195
scientific_proxy_removed,2,elastic_a0p0001_l1_0p5,0.0001,0.5,58,60,103,0.6111689085054446,0.5960098016245652,0.5843977838905119,0.563436180387022,0.7084036354415453,0.2107453999997233
scientific_proxy_removed,2,elastic_a0p0001_l1_0p7,0.0001,0.7,58,60,103,0.6111683589864619,0.5960092306818405,0.5843971965370005,0.5634385094315695,0.7084041360202233,0.22627160000047297
scientific_proxy_removed,2,elastic_a0p0001_l1_0p9,0.0001,0.9,58,60,103,0.611163029859561,0.5960036937917076,0.5843915004982874,0.5634376883731258,0.7084089905153373,0.24778869999863673
scientific_proxy_removed,2,elastic_a0p0003_l1_0p1,0.0003,0.1,58,60,103,0.6111356287476188,0.595975224410294,0.5843622128124616,0.5634788780911056,0.7084339506574775,0.2189751999976579
scientific_proxy_removed,2,elastic_a0p0003_l1_0p3,0.0003,0.3,58,60,103,0.6111277429646427,0.595967031189385,0.584353784091219,0.5634791102072131,0.7084411337892821,0.22818000000188476
scientific_proxy_removed,2,elastic_a0p0003_l1_0p5,0.0003,0.5,58,60,103,0.6111277709986944,0.5959670603163822,0.5843538140554227,0.563447706478989,0.7084411082532927,0.23914389999845298
scientific_proxy_removed,2,elastic_a0p0003_l1_0p7,0.0003,0.7,58,60,103,0.6111588153085232,0.5959993149306879,0.5843869957742838,0.563392919304001,0.7084128296792869,0.17911669999739388
scientific_proxy_removed,2,elastic_a0p0003_l1_0p9,0.0003,0.9,58,60,103,0.6112924647240783,0.5961381748497734,0.5845298469878351,0.5632652827408728,0.7082910741896932,0.06474710000111372
scientific_proxy_removed,2,elastic_a0p001_l1_0p1,0.001,0.1,58,60,103,0.6110015349251514,0.5958359027584907,0.5842188865944633,0.5636200844991139,0.7085560863368009,0.22706409999955213
scientific_proxy_removed,2,elastic_a0p001_l1_0p3,0.001,0.3,58,60,103,0.6112740549121831,0.5961190473064203,0.5845101696554684,0.5633203276691546,0.708307846891365,0.054226799999014474
scientific_proxy_removed,2,elastic_a0p001_l1_0p5,0.001,0.5,58,60,103,0.6116257572425439,0.596484461228608,0.5848860867853126,0.5630056374011545,0.7079873513137123,0.030377900002349634
scientific_proxy_removed,2,elastic_a0p001_l1_0p7,0.001,0.7,58,60,103,0.6120161703541859,0.5968900951243296,0.5853033799440797,0.5626255996903191,0.7076314097836339,0.030309800000395626
scientific_proxy_removed,2,elastic_a0p001_l1_0p9,0.001,0.9,58,60,103,0.6123706482313829,0.5972583928018071,0.585682263717902,0.5622510121092488,0.7073080754313491,0.03364299999884679
scientific_proxy_removed,2,elastic_a0p003_l1_0p1,0.003,0.1,58,60,103,0.6109861999049475,0.5958199698817486,0.5842024957540181,0.5636577872341241,0.7085700524777895,0.034955699997226475
scientific_proxy_removed,2,elastic_a0p003_l1_0p3,0.003,0.3,58,60,103,0.6120235042820661,0.5968977149753241,0.5853112188148554,0.5626021193978342,0.707624721692722,0.02063360000101966
scientific_proxy_removed,2,elastic_a0p003_l1_0p5,0.003,0.5,58,60,103,0.6126180897431925,0.5975154811561825,0.5859467416439605,0.5617830938766056,0.7070822858748884,0.013455699998303317
scientific_proxy_removed,2,elastic_a0p003_l1_0p7,0.003,0.7,58,60,103,0.6131837778100128,0.5981032233386683,0.5865513774854347,0.5611795044043407,0.7065658263660121,0.013329299999895738
scientific_proxy_removed,2,elastic_a0p003_l1_0p9,0.003,0.9,58,60,103,0.6136245047435993,0.5985611326088469,0.5870224485862402,0.5606814073827816,0.7061631915701463,0.013117300000885734
scientific_proxy_removed,2,elastic_a0p01_l1_0p1,0.01,0.1,58,60,103,0.6106614279768934,0.5954825362800862,0.58385536319188,0.5638705927136765,0.7088657690460022,0.016006300000299234
scientific_proxy_removed,2,elastic_a0p01_l1_0p3,0.01,0.3,58,60,103,0.6123122754418135,0.5971977442699543,0.5856198719461629,0.5621241083417029,0.7073613299011308,0.011451500002294779
scientific_proxy_removed,2,elastic_a0p01_l1_0p5,0.01,0.5,58,60,103,0.6130765688092946,0.597991834649813,0.5864367871163516,0.5614925352410637,0.7066637345765318,0.010995900000125403
scientific_proxy_removed,2,elastic_a0p01_l1_0p7,0.01,0.7,58,60,103,0.6132849666003848,0.598208357111121,0.5866595331510798,0.561491490656285,0.7064734036422945,0.009473200003412785
scientific_proxy_removed,2,elastic_a0p01_l1_0p9,0.01,0.9,58,60,103,0.6132171597725645,0.5981379067422552,0.5865870578050338,0.5616708297851275,0.7065353376461748,0.010334599999623606
scientific_proxy_removed,2,elastic_a0p03_l1_0p1,0.03,0.1,58,60,103,0.6069987225322915,0.5916770353015817,0.5799404794980842,0.5671493109529557,0.7121922937196649,0.01272160000007716
scientific_proxy_removed,2,elastic_a0p03_l1_0p3,0.03,0.3,58,60,103,0.6071881999976765,0.5918738998026541,0.5801430025376235,0.5667092614631152,0.7120205886037978,0.010219400002824841
scientific_proxy_removed,2,elastic_a0p03_l1_0p5,0.03,0.5,58,60,103,0.606325706082523,0.5909777803937325,0.5792211256857983,0.5675306196945684,0.7128018491128405,0.010257099998852937
scientific_proxy_removed,2,elastic_a0p03_l1_0p7,0.03,0.7,58,60,103,0.6054862805743166,0.5901056287448554,0.5783239055069067,0.568356426993083,0.7135613925264958,0.011159199999383418
scientific_proxy_removed,2,elastic_a0p03_l1_0p9,0.03,0.9,58,60,103,0.60436219376841,0.5889377178919348,0.5771224250238554,0.5692956587486432,0.7145772436373516,0.013535400001273956
scientific_proxy_removed,3,elastic_a0p0001_l1_0p1,0.0001,0.1,58,60,103,0.6150958436598615,0.6000898336660939,0.5885950895802932,0.5643745117541588,0.7125057019769634,0.6968923999993422
scientific_proxy_removed,3,elastic_a0p0001_l1_0p3,0.0001,0.3,58,60,103,0.6151675254946576,0.6001643101143324,0.5886717067285812,0.5643078649291297,0.712439352869916,0.4214983000019856
scientific_proxy_removed,3,elastic_a0p0001_l1_0p5,0.0001,0.5,58,60,103,0.6152372322004209,0.6002367344304569,0.5887462127596745,0.5642405645326137,0.7123748260267914,0.358666500000254
scientific_proxy_removed,3,elastic_a0p0001_l1_0p7,0.0001,0.7,58,60,103,0.6153052229557798,0.6003073758975257,0.5888188846967193,0.5641901381776911,0.712311881991564,0.3327145000002929
scientific_proxy_removed,3,elastic_a0p0001_l1_0p9,0.0001,0.9,58,60,103,0.6153551165526051,0.6003592146638177,0.5888722134810265,0.5641496931608649,0.712265688286324,0.2794861000002129
scientific_proxy_removed,3,elastic_a0p0003_l1_0p1,0.0003,0.1,58,60,103,0.6151623413051783,0.6001589238122028,0.5886661656062702,0.5643084789555324,0.7124441515919623,0.3742859000012686
scientific_proxy_removed,3,elastic_a0p0003_l1_0p3,0.0003,0.3,58,60,103,0.6153378845194757,0.6003413108165313,0.5888537950178085,0.5641623999861559,0.7122816428056779,0.23083179999957792
scientific_proxy_removed,3,elastic_a0p0003_l1_0p5,0.0003,0.5,58,60,103,0.6154754188466052,0.6004842071057321,0.5890007986201349,0.5640330380386105,0.7121542947634952,0.03965489999973215
scientific_proxy_removed,3,elastic_a0p0003_l1_0p7,0.0003,0.7,58,60,103,0.615601741245483,0.6006154543544686,0.5891358183499513,0.5639309895798803,0.7120373081871947,0.05259529999966617
scientific_proxy_removed,3,elastic_a0p0003_l1_0p9,0.0003,0.9,58,60,103,0.6157101923804706,0.6007281336038808,0.5892517363745806,0.5638559469998353,0.7119368567674923,0.07596779999948922
scientific_proxy_removed,3,elastic_a0p001_l1_0p1,0.001,0.1,58,60,103,0.6152951803973783,0.6002969418163794,0.5888081507054865,0.5641780040590211,0.7123211794754616,0.1431443000001309
scientific_proxy_removed,3,elastic_a0p001_l1_0p3,0.001,0.3,58,60,103,0.6156993837966196,0.6007169036327451,0.5892401836168414,0.5638496697829325,0.7119468687102415,0.07274999999935972
scientific_proxy_removed,3,elastic_a0p001_l1_0p5,0.001,0.5,58,60,103,0.616087471158133,0.6011201211058185,0.5896549908969617,0.5634807670640797,0.7115872968536878,0.03224210000189487
scientific_proxy_removed,3,elastic_a0p001_l1_0p7,0.001,0.7,58,60,103,0.6164475923055042,0.6014942820640033,0.5900399064816184,0.5631629900135638,0.7112534737338019,0.02488630000152625
scientific_proxy_removed,3,elastic_a0p001_l1_0p9,0.001,0.9,58,60,103,0.6167812715404126,0.6018409702359453,0.5903965596210694,0.5628965407583554,0.7109440216872572,0.022355499997502193
scientific_proxy_removed,3,elastic_a0p003_l1_0p1,0.003,0.1,58,60,103,0.6154698950001913,0.6004784679046822,0.5889948944554184,0.5639587086491942,0.7121594099329959,0.05305389999921317
scientific_proxy_removed,3,elastic_a0p003_l1_0p3,0.003,0.3,58,60,103,0.6164845594167543,0.6015326903881677,0.5900794187883623,0.56310422730362,0.7112191972968289,0.021449400002893526
scientific_proxy_removed,3,elastic_a0p003_l1_0p5,0.003,0.5,58,60,103,0.6172884899774311,0.6023679632708983,0.5909387001830966,0.5624984823104259,0.7104733723044857,0.01620260000345297
scientific_proxy_removed,3,elastic_a0p003_l1_0p7,0.003,0.7,58,60,103,0.6179307807141846,0.603035294582184,0.591625212808811,0.5620580609111422,0.7098769412130502,0.05248550000032992
scientific_proxy_removed,3,elastic_a0p003_l1_0p9,0.003,0.9,58,60,103,0.6183071907410733,0.6034263794639222,0.5920275387666953,0.5617869527897309,0.70952717390752,0.032359599998017075
scientific_proxy_removed,3,elastic_a0p01_l1_0p1,0.01,0.1,58,60,103,0.6152611354121788,0.6002615695413085,0.5887717617139531,0.5638558451223274,0.7123526977022552,0.033917699998710304
scientific_proxy_removed,3,elastic_a0p01_l1_0p3,0.01,0.3,58,60,103,0.6168742244176372,0.6019375470070187,0.5904959123287445,0.5627091541198699,0.7108577937771074,0.021081899998534936
scientific_proxy_removed,3,elastic_a0p01_l1_0p5,0.01,0.5,58,60,103,0.6178185158577132,0.6029186529281894,0.5915052184869541,0.5623028367115608,0.7099812264780493,0.016293399999995017
scientific_proxy_removed,3,elastic_a0p01_l1_0p7,0.01,0.7,58,60,103,0.6183565191262324,0.6034776309830056,0.592080263424362,0.5620313539198137,0.709481324261224,0.015131799998925999
scientific_proxy_removed,3,elastic_a0p01_l1_0p9,0.01,0.9,58,60,103,0.6185965104429741,0.6037269786863649,0.5923367782074302,0.5620173521414145,0.709258215336193,0.01532980000047246
scientific_proxy_removed,3,elastic_a0p03_l1_0p1,0.03,0.1,58,60,103,0.6114324696646081,0.596283638072585,0.5846794913059548,0.5669547896913529,0.7158883539055126,0.017830199998570606
scientific_proxy_removed,3,elastic_a0p03_l1_0p3,0.03,0.3,58,60,103,0.6130651668069937,0.5979799881250052,0.5864246000831437,0.5660890958607456,0.714382747837657,0.014271900003222981
scientific_proxy_removed,3,elastic_a0p03_l1_0p5,0.03,0.5,58,60,103,0.6129909326496739,0.5979028598484916,0.5863452548842436,0.5663930187875175,0.714451272371289,0.012276000001293141
scientific_proxy_removed,3,elastic_a0p03_l1_0p7,0.03,0.7,58,60,103,0.6123489266914501,0.5972358244182123,0.5856590466441369,0.566894507329326,0.7150436252954745,0.012562100000650389
scientific_proxy_removed,3,elastic_a0p03_l1_0p9,0.03,0.9,58,60,103,0.6114964991250976,0.5963501638083373,0.5847479292119192,0.5674819828841682,0.7158293682338072,0.011696700003085425
scientific_proxy_removed,4,elastic_a0p0001_l1_0p1,0.0001,0.1,58,60,103,0.6289866277979375,0.6145221688426914,0.6034422579203891,0.559734606345657,0.69234677691856,0.5628811000024143
scientific_proxy_removed,4,elastic_a0p0001_l1_0p3,0.0001,0.3,58,60,103,0.6291089570454962,0.6146492672616949,0.6035730095693506,0.5596554101306053,0.6922326284147022,0.43610130000161007
scientific_proxy_removed,4,elastic_a0p0001_l1_0p5,0.0001,0.5,58,60,103,0.629229672591104,0.6147746890663908,0.6037020364125503,0.5595743201536113,0.6921199672416368,0.4022377000001143
scientific_proxy_removed,4,elastic_a0p0001_l1_0p7,0.0001,0.7,58,60,103,0.6293462582809053,0.6148958200072563,0.6038266490582671,0.5594947151260321,0.6920111429614607,0.37331859999903827
scientific_proxy_removed,4,elastic_a0p0001_l1_0p9,0.0001,0.9,58,60,103,0.6294608685567844,0.6150148985200119,0.6039491502822849,0.5594159351348698,0.6919041459032448,0.33665339999788557
scientific_proxy_removed,4,elastic_a0p0003_l1_0p1,0.0003,0.1,58,60,103,0.6292280074516736,0.6147729590092437,0.6037002566278249,0.5595569836906469,0.6921215214045092,0.4033854000008432
scientific_proxy_removed,4,elastic_a0p0003_l1_0p3,0.0003,0.3,58,60,103,0.6295572378262284,0.6151150248759839,0.6040521546016973,0.5593390970292248,0.6918141653487372,0.3337690999978804
scientific_proxy_removed,4,elastic_a0p0003_l1_0p5,0.0003,0.5,58,60,103,0.6298387822132687,0.6154075456523824,0.6043530833950645,0.5591831493046012,0.6915512186297784,0.2385915999984718
scientific_proxy_removed,4,elastic_a0p0003_l1_0p7,0.0003,0.7,58,60,103,0.6301447612675459,0.6157254537146237,0.6046801291890413,0.558995396862256,0.6912653378790491,0.23215549999804352
scientific_proxy_removed,4,elastic_a0p0003_l1_0p9,0.0003,0.9,58,60,103,0.6304247035037631,0.6160163098781788,0.604979345523073,0.5588532962007298,0.6910036801063588,0.09582980000050156
scientific_proxy_removed,4,elastic_a0p001_l1_0p1,0.001,0.1,58,60,103,0.62988276699838,0.6154532452439309,0.6044000965443914,0.5590899171231741,0.6915101302688949,0.256461599998147
scientific_proxy_removed,4,elastic_a0p001_l1_0p3,0.001,0.3,58,60,103,0.6307020714796651,0.6163044914203928,0.6052758103582784,0.5586978102973383,0.6907443307014202,0.035427200000412995
scientific_proxy_removed,4,elastic_a0p001_l1_0p5,0.001,0.5,58,60,103,0.6312916454138273,0.6169170506931189,0.6059059766154478,0.5583842403499317,0.6901927333463448,0.06520910000108415
scientific_proxy_removed,4,elastic_a0p001_l1_0p7,0.001,0.7,58,60,103,0.6318081988192329,0.6174537426328481,0.6064580948609314,0.5580988005523777,0.6897090904347621,0.037000199998146854
scientific_proxy_removed,4,elastic_a0p001_l1_0p9,0.001,0.9,58,60,103,0.632194818048798,0.6178554347368603,0.6068713329278261,0.5579082549625596,0.6893468813453658,0.0270715000006021
scientific_proxy_removed,4,elastic_a0p003_l1_0p1,0.003,0.1,58,60,103,0.6310350650261106,0.6166504671713781,0.6056317305994323,0.5584449907587227,0.6904328406274335,0.05234700000073644
scientific_proxy_removed,4,elastic_a0p003_l1_0p3,0.003,0.3,58,60,103,0.6323349485459568,0.6180010284112962,0.6070211114471825,0.5577755832503309,0.6892155513254454,0.02388549999886891
scientific_proxy_removed,4,elastic_a0p003_l1_0p5,0.003,0.5,58,60,103,0.6331119709166363,0.6188083440517878,0.6078516320158432,0.5571519736949336,0.688486872941523,0.020511000002443325
scientific_proxy_removed,4,elastic_a0p003_l1_0p7,0.003,0.7,58,60,103,0.6339546594897427,0.6196838859805709,0.6087523399225258,0.5564936565719152,0.6876957411723963,0.014143300002615433
scientific_proxy_removed,4,elastic_a0p003_l1_0p9,0.003,0.9,58,60,103,0.6346276837295444,0.6203831489821582,0.6094717020611908,0.5558714172055527,0.6870632391368579,0.0124844000019948
scientific_proxy_removed,4,elastic_a0p01_l1_0p1,0.01,0.1,58,60,103,0.6322189073715587,0.6178804632145045,0.6068970808069001,0.5575842773334169,0.6893243066614806,0.017239700002392055
scientific_proxy_removed,4,elastic_a0p01_l1_0p3,0.01,0.3,58,60,103,0.6342404377443585,0.6199808056876084,0.6090577940863832,0.5557358782913578,0.6874272404701786,0.01693630000227131
scientific_proxy_removed,4,elastic_a0p01_l1_0p5,0.01,0.5,58,60,103,0.6350530901277653,0.6208251404251441,0.6099263978036743,0.554742648039148,0.6866631455735825,0.013562000000092667
scientific_proxy_removed,4,elastic_a0p01_l1_0p7,0.01,0.7,58,60,103,0.6351398600235176,0.6209152931628361,0.6100191418299497,0.5544798722283296,0.6865815100946842,0.013246900001831818
scientific_proxy_removed,4,elastic_a0p01_l1_0p9,0.01,0.9,58,60,103,0.635015721756758,0.6207863151975673,0.6098864566103317,0.5544152552382782,0.6866982997640637,0.012867699999333126
scientific_proxy_removed,4,elastic_a0p03_l1_0p1,0.03,0.1,58,60,103,0.6303574184937139,0.6159464016708567,0.6049074279220912,0.5578681130187609,0.6910665794316198,0.01602929999717162
scientific_proxy_removed,4,elastic_a0p03_l1_0p3,0.03,0.3,58,60,103,0.6306472580080649,0.6162475409713423,0.6052172229645025,0.5571187354991094,0.6907955910619624,0.011353099998814287
scientific_proxy_removed,4,elastic_a0p03_l1_0p5,0.03,0.5,58,60,103,0.6293941394158494,0.6149455678531145,0.6038778268221545,0.5577712002593086,0.6919664444391852,0.011085400001320522
scientific_proxy_removed,4,elastic_a0p03_l1_0p7,0.03,0.7,58,60,103,0.6279245773956863,0.6134187129666683,0.6023070850639722,0.5587527932937132,0.6933370130709472,0.011208600000827573
scientific_proxy_removed,4,elastic_a0p03_l1_0p9,0.03,0.9,58,60,103,0.6261138916529944,0.6115374351872243,0.6003717331237554,0.5600730600780908,0.6950220098751785,0.010284899999533081
