feature_1,feature_2,correlation,absolute_correlation,above_0p8
Health_Score,Healthy_Aging_Score,0.9382345042475473,0.9382345042475473,True
Working_Hours_Per_Day,Sitting_Hours_Per_Day,0.873363912852956,0.873363912852956,True
Weight_kg,BMI,0.8434349168769906,0.8434349168769906,True
Exercise_Frequency_Per_Week,Daily_Steps,0.834759445192225,0.834759445192225,True
Systolic_BP,Diastolic_BP,0.8320486018921923,0.8320486018921923,True
Energy_Level_Score,Fatigue_Level_Score,-0.8092117058498597,0.8092117058498597,True
Stress_Level,Anxiety_Score,0.7489338983707221,0.7489338983707221,False
Mood_Score,Life_Satisfaction_Score,0.7047253427117162,0.7047253427117162,False
Stress_Level,Depression_Risk_Score,0.6816248737559064,0.6816248737559064,False
Mood_Score,Anxiety_Score,-0.6733560013938463,0.6733560013938463,False
Mood_Score,Depression_Risk_Score,-0.6708581660788747,0.6708581660788747,False
Stress_Level,Mood_Score,-0.6551226113643998,0.6551226113643998,False
Age,Systolic_BP,0.6397425824669398,0.6397425824669398,False
Energy_Level_Score,Health_Score,0.6263608881209598,0.6263608881209598,False
Anxiety_Score,Depression_Risk_Score,0.6212511033299944,0.6212511033299944,False
Stress_Level,Life_Satisfaction_Score,-0.6153898766910804,0.6153898766910804,False
Sleep_Quality_Score,Fatigue_Level_Score,-0.6146152706392795,0.6146152706392795,False
Depression_Risk_Score,Life_Satisfaction_Score,-0.606082101386931,0.606082101386931,False
Mood_Score,Health_Score,0.5996295405848411,0.5996295405848411,False
Exercise_Frequency_Per_Week,Protein_Intake_Grams,0.5955761142875408,0.5955761142875408,False
Energy_Level_Score,Mood_Score,0.587237145089139,0.587237145089139,False
Anxiety_Score,Life_Satisfaction_Score,-0.586753603625945,0.586753603625945,False
Exercise_Frequency_Per_Week,Water_Intake_Liters,0.5850680788374863,0.5850680788374863,False
Sleep_Quality_Score,Mood_Score,0.5714051916563572,0.5714051916563572,False
Energy_Level_Score,Anxiety_Score,-0.5535948480479577,0.5535948480479577,False
Fatigue_Level_Score,Health_Score,-0.5502226636166486,0.5502226636166486,False
Fatigue_Level_Score,Mood_Score,-0.549335869343743,0.549335869343743,False
Anxiety_Score,Health_Score,-0.5391297003438883,0.5391297003438883,False
Energy_Level_Score,Healthy_Aging_Score,0.5373150772277947,0.5373150772277947,False
Exercise_Frequency_Per_Week,Energy_Level_Score,0.5372312540303971,0.5372312540303971,False
Energy_Level_Score,Depression_Risk_Score,-0.5369157093413841,0.5369157093413841,False
Age,Diastolic_BP,0.531553691395848,0.531553691395848,False
Exercise_Frequency_Per_Week,Health_Score,0.531332804376695,0.531332804376695,False
Fatigue_Level_Score,Depression_Risk_Score,0.520410238265356,0.520410238265356,False
Depression_Risk_Score,Health_Score,-0.5095676803782543,0.5095676803782543,False
Sleep_Quality_Score,Energy_Level_Score,0.5089466146160242,0.5089466146160242,False
Mood_Score,Healthy_Aging_Score,0.5080159976354066,0.5080159976354066,False
Height_cm,Weight_kg,0.5072311154185445,0.5072311154185445,False
Energy_Level_Score,Life_Satisfaction_Score,0.5041222716155058,0.5041222716155058,False
Daily_Steps,Protein_Intake_Grams,0.5007593881699914,0.5007593881699914,False
Life_Satisfaction_Score,Health_Score,0.4994108345602363,0.4994108345602363,False
Daily_Steps,Water_Intake_Liters,0.4958885776738763,0.4958885776738763,False
Fatigue_Level_Score,Anxiety_Score,0.4958110972285356,0.4958110972285356,False
Daily_Steps,Health_Score,0.49100466316241914,0.49100466316241914,False
Exercise_Frequency_Per_Week,Daily_Calorie_Intake,0.4906701449190526,0.4906701449190526,False
BMI,Healthy_Aging_Score,-0.48595513573625404,0.48595513573625404,False
Sleep_Quality_Score,Health_Score,0.47889159910480067,0.47889159910480067,False
Sleep_Quality_Score,Depression_Risk_Score,-0.47470427530710135,0.47470427530710135,False
BMI,Health_Score,-0.47406339268949554,0.47406339268949554,False
Exercise_Frequency_Per_Week,Outdoor_Time_Hours,0.4739397977092796,0.4739397977092796,False
Stress_Level,Energy_Level_Score,-0.4731796272029014,0.4731796272029014,False
Fatigue_Level_Score,Healthy_Aging_Score,-0.47150763698987125,0.47150763698987125,False
Sleep_Quality_Score,Anxiety_Score,-0.4713510562219838,0.4713510562219838,False
Exercise_Frequency_Per_Week,Healthy_Aging_Score,0.4664213518152046,0.4664213518152046,False
Anxiety_Score,Healthy_Aging_Score,-0.4603280657745372,0.4603280657745372,False
Systolic_BP,Healthy_Aging_Score,-0.4472575768247554,0.4472575768247554,False
Daily_Steps,Energy_Level_Score,0.44639992502149156,0.44639992502149156,False
Depression_Risk_Score,Healthy_Aging_Score,-0.4362124103383054,0.4362124103383054,False
Stress_Level,Health_Score,-0.4345904414732721,0.4345904414732721,False
Fatigue_Level_Score,Life_Satisfaction_Score,-0.4313449936265352,0.4313449936265352,False
Fatigue_Level_Score,Focus_Concentration_Score,-0.42692401450348527,0.42692401450348527,False
Daily_Steps,Healthy_Aging_Score,0.4253204683949123,0.4253204683949123,False
Sleep_Quality_Score,Focus_Concentration_Score,0.4243370438056114,0.4243370438056114,False
Stress_Level,Fatigue_Level_Score,0.42431558929896457,0.42431558929896457,False
Life_Satisfaction_Score,Healthy_Aging_Score,0.4217263456559949,0.4217263456559949,False
Exercise_Frequency_Per_Week,Immune_Health_Score,0.41593185821941453,0.41593185821941453,False
Daily_Steps,Daily_Calorie_Intake,0.41100868575157534,0.41100868575157534,False
Social_Interaction_Score,Life_Satisfaction_Score,0.4097671997059861,0.4097671997059861,False
Weight_kg,Healthy_Aging_Score,-0.40502669823969883,0.40502669823969883,False
Sleep_Quality_Score,Healthy_Aging_Score,0.4005752374554093,0.4005752374554093,False
Sleep_Quality_Score,Stress_Level,-0.39825390922700826,0.39825390922700826,False
Weight_kg,Health_Score,-0.395228036979934,0.395228036979934,False
Exercise_Frequency_Per_Week,Resting_Heart_Rate,-0.38861864576417565,0.38861864576417565,False
Daily_Steps,Outdoor_Time_Hours,0.3867261091941506,0.3867261091941506,False
Mood_Score,Focus_Concentration_Score,0.3805683233223716,0.3805683233223716,False
Focus_Concentration_Score,Health_Score,0.3802591255771653,0.3802591255771653,False
Age,Cholesterol_Level,0.3798758217300421,0.3798758217300421,False
Diastolic_BP,Healthy_Aging_Score,-0.3739366403796431,0.3739366403796431,False
Age,Healthy_Aging_Score,-0.3688722816334904,0.3688722816334904,False
Water_Intake_Liters,Health_Score,0.3685388847487263,0.3685388847487263,False
Energy_Level_Score,Focus_Concentration_Score,0.3675339940072796,0.3675339940072796,False
Stress_Level,Healthy_Aging_Score,-0.3672187822490701,0.3672187822490701,False
Water_Intake_Liters,Energy_Level_Score,0.3637683758939924,0.3637683758939924,False
Exercise_Frequency_Per_Week,Fatigue_Level_Score,-0.3628620359850375,0.3628620359850375,False
Social_Interaction_Score,Depression_Risk_Score,-0.3566811302302596,0.3566811302302596,False
Cholesterol_Level,Healthy_Aging_Score,-0.35528985836310656,0.35528985836310656,False
Daily_Steps,Immune_Health_Score,0.35394454279009296,0.35394454279009296,False
Exercise_Frequency_Per_Week,Life_Satisfaction_Score,0.3496276554030129,0.3496276554030129,False
Anxiety_Score,Focus_Concentration_Score,-0.34912137830078405,0.34912137830078405,False
Sleep_Quality_Score,Life_Satisfaction_Score,0.34875652101433796,0.34875652101433796,False
Immune_Health_Score,Health_Score,0.34820236362707035,0.34820236362707035,False
Water_Intake_Liters,Protein_Intake_Grams,0.34555432617922394,0.34555432617922394,False
Screen_Time_Before_Bed_Hours,Focus_Concentration_Score,-0.33133592766300773,0.33133592766300773,False
Immune_Health_Score,Healthy_Aging_Score,0.33111458451742803,0.33111458451742803,False
Focus_Concentration_Score,Healthy_Aging_Score,0.3260194399347912,0.3260194399347912,False
Resting_Heart_Rate,Healthy_Aging_Score,-0.32242645834352696,0.32242645834352696,False
Water_Intake_Liters,Immune_Health_Score,0.32171715674820633,0.32171715674820633,False
BMI,Daily_Calorie_Intake,0.3209880303234276,0.3209880303234276,False
Protein_Intake_Grams,Health_Score,0.3199425150097277,0.3199425150097277,False
Daily_Steps,Resting_Heart_Rate,-0.31933063453062355,0.31933063453062355,False
Protein_Intake_Grams,Energy_Level_Score,0.31929710336859873,0.31929710336859873,False
Water_Intake_Liters,Healthy_Aging_Score,0.3169741267760326,0.3169741267760326,False
Fast_Food_Meals_Per_Week,Blood_Sugar_Level,0.31653497870829383,0.31653497870829383,False
Exercise_Frequency_Per_Week,Mood_Score,0.31556281688309007,0.31556281688309007,False
Resting_Heart_Rate,Immune_Health_Score,-0.3124299973209707,0.3124299973209707,False
Exercise_Frequency_Per_Week,Focus_Concentration_Score,0.3013368198713686,0.3013368198713686,False
Daily_Steps,Fatigue_Level_Score,-0.2982547999906025,0.2982547999906025,False
Depression_Risk_Score,Focus_Concentration_Score,-0.2979270367036269,0.2979270367036269,False
Blood_Sugar_Level,Healthy_Aging_Score,-0.2976695154624082,0.2976695154624082,False
Social_Interaction_Score,Mood_Score,0.29033004435250687,0.29033004435250687,False
Daily_Steps,Life_Satisfaction_Score,0.28575602944422385,0.28575602944422385,False
Sugary_Drinks_Per_Week,Blood_Sugar_Level,0.2835080385023509,0.2835080385023509,False
Fast_Food_Meals_Per_Week,Cholesterol_Level,0.2830930213501285,0.2830930213501285,False
Exercise_Frequency_Per_Week,Exercise_Duration_Minutes,0.28147039936799517,0.28147039936799517,False
Daily_Calorie_Intake,Protein_Intake_Grams,0.28020741475307775,0.28020741475307775,False
Daily_Calorie_Intake,Water_Intake_Liters,0.28003588575880883,0.28003588575880883,False
Resting_Heart_Rate,Health_Score,-0.2796448419314408,0.2796448419314408,False
Protein_Intake_Grams,Healthy_Aging_Score,0.2773414046839559,0.2773414046839559,False
Systolic_BP,Health_Score,-0.27343337432384257,0.27343337432384257,False
Protein_Intake_Grams,Outdoor_Time_Hours,0.27214309284636995,0.27214309284636995,False
Focus_Concentration_Score,Life_Satisfaction_Score,0.2718286793726939,0.2718286793726939,False
Water_Intake_Liters,Outdoor_Time_Hours,0.2707973048075153,0.2707973048075153,False
Weight_kg,Daily_Calorie_Intake,0.27037038561539123,0.27037038561539123,False
Daily_Calorie_Intake,Energy_Level_Score,0.2698576253114088,0.2698576253114088,False
Systolic_BP,Cholesterol_Level,0.2691055056744142,0.2691055056744142,False
Exercise_Frequency_Per_Week,Anxiety_Score,-0.26436277745930326,0.26436277745930326,False
Protein_Intake_Grams,Immune_Health_Score,0.26387371610934973,0.26387371610934973,False
BMI,Systolic_BP,0.2604725323250608,0.2604725323250608,False
Exercise_Frequency_Per_Week,Depression_Risk_Score,-0.2593109116924696,0.2593109116924696,False
Daily_Steps,Mood_Score,0.2577445293324007,0.2577445293324007,False
Cholesterol_Level,Health_Score,-0.2544300218153343,0.2544300218153343,False
Outdoor_Time_Hours,Energy_Level_Score,0.25429058970990204,0.25429058970990204,False
Daily_Steps,Focus_Concentration_Score,0.2537738527520861,0.2537738527520861,False
Outdoor_Time_Hours,Health_Score,0.2537388809654353,0.2537388809654353,False
Water_Intake_Liters,Fatigue_Level_Score,-0.24389599543028773,0.24389599543028773,False
Energy_Level_Score,Immune_Health_Score,0.24251562435795135,0.24251562435795135,False
Age,Blood_Sugar_Level,0.2401994843263947,0.2401994843263947,False
Age,Resting_Heart_Rate,0.2400938599316521,0.2400938599316521,False
Vegetable_Intake_Per_Day,Immune_Health_Score,0.23955381837704096,0.23955381837704096,False
Diastolic_BP,Health_Score,-0.2309102576573499,0.2309102576573499,False
Exercise_Duration_Minutes,Daily_Steps,0.2301440595803634,0.2301440595803634,False
Outdoor_Time_Hours,Healthy_Aging_Score,0.22758858916984123,0.22758858916984123,False
Daily_Calorie_Intake,Outdoor_Time_Hours,0.22638371522803377,0.22638371522803377,False
Protein_Intake_Grams,Resting_Heart_Rate,-0.22521799626081523,0.22521799626081523,False
Diastolic_BP,Cholesterol_Level,0.224404735703429,0.224404735703429,False
Water_Intake_Liters,Resting_Heart_Rate,-0.22433142549862722,0.22433142549862722,False
Stress_Level,Social_Interaction_Score,-0.22347978360284151,0.22347978360284151,False
Protein_Intake_Grams,Fatigue_Level_Score,-0.22094197279812158,0.22094197279812158,False
Daily_Steps,Anxiety_Score,-0.2194666187533957,0.2194666187533957,False
Weight_kg,Systolic_BP,0.21656024475821684,0.21656024475821684,False
Daily_Steps,Depression_Risk_Score,-0.21581670170485368,0.21581670170485368,False
BMI,Cholesterol_Level,0.20689897752263212,0.20689897752263212,False
Water_Intake_Liters,Life_Satisfaction_Score,0.2067254828145051,0.2067254828145051,False
BMI,Diastolic_BP,0.2064207599595314,0.2064207599595314,False
Protein_Intake_Grams,Life_Satisfaction_Score,0.20555496384991967,0.20555496384991967,False
Fast_Food_Meals_Per_Week,Healthy_Aging_Score,-0.20496270300726133,0.20496270300726133,False
Resting_Heart_Rate,Energy_Level_Score,-0.20474170869173022,0.20474170869173022,False
Cholesterol_Level,Blood_Sugar_Level,0.20417464768952004,0.20417464768952004,False
Fast_Food_Meals_Per_Week,Health_Score,-0.20145761832030737,0.20145761832030737,False
Daily_Calorie_Intake,Immune_Health_Score,0.19971498062431325,0.19971498062431325,False
Water_Intake_Liters,Focus_Concentration_Score,0.1994866306848207,0.1994866306848207,False
Sleep_Duration_Hours,Sleep_Quality_Score,0.19698087825668278,0.19698087825668278,False
Outdoor_Time_Hours,Resting_Heart_Rate,-0.19635174121420115,0.19635174121420115,False
Resting_Heart_Rate,Systolic_BP,0.19273750949808835,0.19273750949808835,False
Outdoor_Time_Hours,Immune_Health_Score,0.1920662690840461,0.1920662690840461,False
Protein_Intake_Grams,Mood_Score,0.18860461880826732,0.18860461880826732,False
Daily_Calorie_Intake,Fatigue_Level_Score,-0.18454367384686116,0.18454367384686116,False
BMI,Blood_Sugar_Level,0.1816113714612627,0.1816113714612627,False
Protein_Intake_Grams,Focus_Concentration_Score,0.18158944706935648,0.18158944706935648,False
Water_Intake_Liters,Mood_Score,0.18120309691557682,0.18120309691557682,False
Systolic_BP,Blood_Sugar_Level,0.1806643456829172,0.1806643456829172,False
Social_Interaction_Score,Anxiety_Score,-0.1803401044159891,0.1803401044159891,False
Weight_kg,Diastolic_BP,0.17730937995604643,0.17730937995604643,False
Sleep_Quality_Score,Number_of_Night_Awakenings,-0.175006899485324,0.175006899485324,False
Daily_Calorie_Intake,Resting_Heart_Rate,-0.1748166440511801,0.1748166440511801,False
Weight_kg,Cholesterol_Level,0.1734977026428814,0.1734977026428814,False
Stress_Level,Focus_Concentration_Score,-0.1726999032570009,0.1726999032570009,False
Fruit_Intake_Per_Day,Immune_Health_Score,0.16502624549862444,0.16502624549862444,False
Outdoor_Time_Hours,Fatigue_Level_Score,-0.16488703211320319,0.16488703211320319,False
Screen_Time_Before_Bed_Hours,Fatigue_Level_Score,0.16457804330479403,0.16457804330479403,False
Outdoor_Time_Hours,Life_Satisfaction_Score,0.16439578559248505,0.16439578559248505,False
Stress_Level,Systolic_BP,0.16438590253935495,0.16438590253935495,False
Daily_Calorie_Intake,Life_Satisfaction_Score,0.16399181929636036,0.16399181929636036,False
Exercise_Duration_Minutes,Protein_Intake_Grams,0.16360081572534546,0.16360081572534546,False
Resting_Heart_Rate,Diastolic_BP,0.1612328054976268,0.1612328054976268,False
Protein_Intake_Grams,Anxiety_Score,-0.16012805965441773,0.16012805965441773,False
Fatigue_Level_Score,Immune_Health_Score,-0.15966399197643188,0.15966399197643188,False
Daily_Calorie_Intake,Mood_Score,0.15667062863469605,0.15667062863469605,False
Water_Intake_Liters,Anxiety_Score,-0.154684265967478,0.154684265967478,False
Blood_Sugar_Level,Health_Score,-0.15357690205231847,0.15357690205231847,False
Exercise_Duration_Minutes,Water_Intake_Liters,0.15236016377562933,0.15236016377562933,False
Water_Intake_Liters,Depression_Risk_Score,-0.15222165532091586,0.15222165532091586,False
Protein_Intake_Grams,Depression_Risk_Score,-0.15050887662191675,0.15050887662191675,False
Outdoor_Time_Hours,Mood_Score,0.14917455442982364,0.14917455442982364,False
Resting_Heart_Rate,Cholesterol_Level,0.14745037794686724,0.14745037794686724,False
Immune_Health_Score,Focus_Concentration_Score,0.14743430603218652,0.14743430603218652,False
Stress_Level,Diastolic_BP,0.14712421888939967,0.14712421888939967,False
Weight_kg,Blood_Sugar_Level,0.14677891520155223,0.14677891520155223,False
Exercise_Duration_Minutes,Health_Score,0.14427135807934077,0.14427135807934077,False
Daily_Calorie_Intake,Focus_Concentration_Score,0.14334916853896085,0.14334916853896085,False
Exercise_Duration_Minutes,Energy_Level_Score,0.14196817474422346,0.14196817474422346,False
Immune_Health_Score,Life_Satisfaction_Score,0.14080422050268832,0.14080422050268832,False
Resting_Heart_Rate,Fatigue_Level_Score,0.13932414253616313,0.13932414253616313,False
Immune_Health_Score,Mood_Score,0.13780966524343516,0.13780966524343516,False
Diastolic_BP,Blood_Sugar_Level,0.13752925516836703,0.13752925516836703,False
Outdoor_Time_Hours,Focus_Concentration_Score,0.13626186603882112,0.13626186603882112,False
Exercise_Duration_Minutes,Immune_Health_Score,0.1335705316457772,0.1335705316457772,False
Age,Health_Score,-0.13322279924835834,0.13322279924835834,False
Exercise_Duration_Minutes,Healthy_Aging_Score,0.12981236359787796,0.12981236359787796,False
Outdoor_Time_Hours,Anxiety_Score,-0.1296799745714151,0.1296799745714151,False
Outdoor_Time_Hours,Depression_Risk_Score,-0.12854921831134541,0.12854921831134541,False
Exercise_Duration_Minutes,Outdoor_Time_Hours,0.12575783563473292,0.12575783563473292,False
Exercise_Duration_Minutes,Daily_Calorie_Intake,0.12527746713516708,0.12527746713516708,False
Social_Interaction_Score,Health_Score,0.12445830739663262,0.12445830739663262,False
Exercise_Duration_Minutes,Resting_Heart_Rate,-0.12405779776258587,0.12405779776258587,False
Exercise_Frequency_Per_Week,Cholesterol_Level,-0.12207153074424315,0.12207153074424315,False
Sleep_Duration_Hours,Fatigue_Level_Score,-0.1210277020145864,0.1210277020145864,False
Systolic_BP,Anxiety_Score,0.1210166106148143,0.1210166106148143,False
Daily_Calorie_Intake,Anxiety_Score,-0.11987519951054701,0.11987519951054701,False
Resting_Heart_Rate,Focus_Concentration_Score,-0.11950435725679717,0.11950435725679717,False
Resting_Heart_Rate,Life_Satisfaction_Score,-0.11822291110483432,0.11822291110483432,False
Immune_Health_Score,Anxiety_Score,-0.1181469610002185,0.1181469610002185,False
Immune_Health_Score,Depression_Risk_Score,-0.11629162703053404,0.11629162703053404,False
Daily_Calorie_Intake,Depression_Risk_Score,-0.11425301193793277,0.11425301193793277,False
Resting_Heart_Rate,Mood_Score,-0.11242761708750494,0.11242761708750494,False
Daily_Calorie_Intake,Health_Score,0.11039031691414777,0.11039031691414777,False
Systolic_BP,Depression_Risk_Score,0.10917354959715853,0.10917354959715853,False
Diastolic_BP,Anxiety_Score,0.10805133992001108,0.10805133992001108,False
Social_Interaction_Score,Healthy_Aging_Score,0.10513522695203963,0.10513522695203963,False
Exercise_Duration_Minutes,Life_Satisfaction_Score,0.1037005312383696,0.1037005312383696,False
Systolic_BP,Mood_Score,-0.10276862592342459,0.10276862592342459,False
Number_of_Night_Awakenings,Fatigue_Level_Score,0.10111859269222014,0.10111859269222014,False
Resting_Heart_Rate,Anxiety_Score,0.09644461784523248,0.09644461784523248,False
Sleep_Duration_Hours,Energy_Level_Score,0.09622066077273243,0.09622066077273243,False
Daily_Steps,Cholesterol_Level,-0.0954973144327696,0.0954973144327696,False
Diastolic_BP,Depression_Risk_Score,0.0930400729613507,0.0930400729613507,False
Social_Interaction_Score,Energy_Level_Score,0.09297045610172132,0.09297045610172132,False
Systolic_BP,Life_Satisfaction_Score,-0.0917722289874094,0.0917722289874094,False
Vegetable_Intake_Per_Day,Health_Score,0.09172153503580789,0.09172153503580789,False
Diastolic_BP,Mood_Score,-0.09129359508930267,0.09129359508930267,False
Age,BMI,0.09051101292395457,0.09051101292395457,False
Number_of_Night_Awakenings,Mood_Score,-0.08959345598808632,0.08959345598808632,False
Daily_Calorie_Intake,Systolic_BP,0.08900617593563018,0.08900617593563018,False
Resting_Heart_Rate,Depression_Risk_Score,0.08847957296090851,0.08847957296090851,False
Exercise_Duration_Minutes,Fatigue_Level_Score,-0.08844671778129115,0.08844671778129115,False
Sleep_Duration_Hours,Focus_Concentration_Score,0.0880260666870724,0.0880260666870724,False
Sleep_Duration_Hours,Mood_Score,0.08635309851638723,0.08635309851638723,False
Diastolic_BP,Life_Satisfaction_Score,-0.08536882999299031,0.08536882999299031,False
Sleep_Duration_Hours,Health_Score,0.08336595179389172,0.08336595179389172,False
Social_Interaction_Score,Fatigue_Level_Score,-0.08207995552034508,0.08207995552034508,False
Sleep_Quality_Score,Social_Interaction_Score,0.08200828189234886,0.08200828189234886,False
Exercise_Duration_Minutes,Mood_Score,0.0810500804723684,0.0810500804723684,False
Daily_Calorie_Intake,Healthy_Aging_Score,0.07866032994761617,0.07866032994761617,False
Number_of_Night_Awakenings,Energy_Level_Score,-0.07708813581694109,0.07708813581694109,False
Number_of_Night_Awakenings,Focus_Concentration_Score,-0.07529245724864086,0.07529245724864086,False
Systolic_BP,Immune_Health_Score,-0.07497616535222545,0.07497616535222545,False
Sleep_Duration_Hours,Anxiety_Score,-0.0739487707487814,0.0739487707487814,False
Sleep_Duration_Hours,Depression_Risk_Score,-0.07386168690392805,0.07386168690392805,False
Vegetable_Intake_Per_Day,Healthy_Aging_Score,0.07375814972257794,0.07375814972257794,False
Sleep_Duration_Hours,Healthy_Aging_Score,0.07232591444827788,0.07232591444827788,False
Age,Weight_kg,0.07118172331216611,0.07118172331216611,False
Sleep_Quality_Score,Systolic_BP,-0.07109613023070593,0.07109613023070593,False
Daily_Calorie_Intake,Diastolic_BP,0.07004122248587176,0.07004122248587176,False
Exercise_Duration_Minutes,Focus_Concentration_Score,0.0688792735801754,0.0688792735801754,False
Diastolic_BP,Fatigue_Level_Score,0.06799838494736578,0.06799838494736578,False
Exercise_Duration_Minutes,Anxiety_Score,-0.0676667670376518,0.0676667670376518,False
Systolic_BP,Fatigue_Level_Score,0.06660024294006509,0.06660024294006509,False
Systolic_BP,Energy_Level_Score,-0.0642060807263596,0.0642060807263596,False
Protein_Intake_Grams,Cholesterol_Level,-0.06388997541287647,0.06388997541287647,False
Resting_Heart_Rate,Blood_Sugar_Level,0.06379568898542505,0.06379568898542505,False
Number_of_Night_Awakenings,Health_Score,-0.06374815444226133,0.06374815444226133,False
Cholesterol_Level,Energy_Level_Score,-0.06238493529779891,0.06238493529779891,False
Number_of_Night_Awakenings,Depression_Risk_Score,0.061927668568568725,0.061927668568568725,False
Sleep_Quality_Score,Diastolic_BP,-0.06183143852955766,0.06183143852955766,False
Diastolic_BP,Energy_Level_Score,-0.06177195370294821,0.06177195370294821,False
Exercise_Duration_Minutes,Depression_Risk_Score,-0.06002349712024303,0.06002349712024303,False
Diastolic_BP,Immune_Health_Score,-0.059866482662025794,0.059866482662025794,False
Water_Intake_Liters,Cholesterol_Level,-0.0594509786859973,0.0594509786859973,False
Number_of_Night_Awakenings,Anxiety_Score,0.05789840290924893,0.05789840290924893,False
Outdoor_Time_Hours,Cholesterol_Level,-0.056533445192444146,0.056533445192444146,False
Cholesterol_Level,Immune_Health_Score,-0.05477477257139827,0.05477477257139827,False
Sleep_Quality_Score,Breakfast_Regularity_Score,0.054461180045592604,0.054461180045592604,False
Fruit_Intake_Per_Day,Health_Score,0.05181507352926908,0.05181507352926908,False
Social_Interaction_Score,Systolic_BP,-0.050850582593701225,0.050850582593701225,False
Cholesterol_Level,Focus_Concentration_Score,-0.05041268824751792,0.05041268824751792,False
Daily_Calorie_Intake,Blood_Sugar_Level,0.04930364470103491,0.04930364470103491,False
Number_of_Night_Awakenings,Healthy_Aging_Score,-0.04916750598864741,0.04916750598864741,False
Sleep_Duration_Hours,Life_Satisfaction_Score,0.04864710055627991,0.04864710055627991,False
Number_of_Night_Awakenings,Life_Satisfaction_Score,-0.04840811819103873,0.04840811819103873,False
Cholesterol_Level,Fatigue_Level_Score,0.04576657859213665,0.04576657859213665,False
Social_Interaction_Score,Diastolic_BP,-0.04561583589740025,0.04561583589740025,False
Sleep_Duration_Hours,Stress_Level,-0.0455670957617486,0.0455670957617486,False
Number_of_Night_Awakenings,Stress_Level,0.04550601676031823,0.04550601676031823,False
Social_Interaction_Score,Focus_Concentration_Score,0.04177716247983885,0.04177716247983885,False
Fruit_Intake_Per_Day,Healthy_Aging_Score,0.04138086417452412,0.04138086417452412,False
Cholesterol_Level,Mood_Score,-0.0409247810684731,0.0409247810684731,False
Breakfast_Regularity_Score,Fatigue_Level_Score,-0.04075887539647626,0.04075887539647626,False
Age,Daily_Calorie_Intake,0.038772118956539946,0.038772118956539946,False
Breakfast_Regularity_Score,Energy_Level_Score,0.0371292999717653,0.0371292999717653,False
Exercise_Duration_Minutes,Cholesterol_Level,-0.035582781024010586,0.035582781024010586,False
Cholesterol_Level,Anxiety_Score,0.03344568536148848,0.03344568536148848,False
Breakfast_Regularity_Score,Health_Score,0.029801682616489966,0.029801682616489966,False
Fast_Food_Meals_Per_Week,Depression_Risk_Score,-0.029680140838521666,0.029680140838521666,False
Systolic_BP,Focus_Concentration_Score,-0.029423825748938537,0.029423825748938537,False
Vegetable_Intake_Per_Day,Sugary_Drinks_Per_Week,-0.029398904328095565,0.029398904328095565,False
Cholesterol_Level,Depression_Risk_Score,0.029359638241553028,0.029359638241553028,False
Fruit_Intake_Per_Day,Life_Satisfaction_Score,-0.029236950370644138,0.029236950370644138,False
Fast_Food_Meals_Per_Week,Life_Satisfaction_Score,0.029057479184847655,0.029057479184847655,False
Breakfast_Regularity_Score,Focus_Concentration_Score,0.02877682667140251,0.02877682667140251,False
Fast_Food_Meals_Per_Week,Stress_Level,-0.028325483110958054,0.028325483110958054,False
Blood_Sugar_Level,Life_Satisfaction_Score,0.02746352856842414,0.02746352856842414,False
Breakfast_Regularity_Score,Healthy_Aging_Score,0.027371334097945958,0.027371334097945958,False
Sleep_Duration_Hours,Number_of_Night_Awakenings,-0.027233099059427734,0.027233099059427734,False
Sleep_Duration_Hours,Working_Hours_Per_Day,0.026933868803105245,0.026933868803105245,False
Weight_kg,Working_Hours_Per_Day,0.02595311222253061,0.02595311222253061,False
Sugary_Drinks_Per_Week,Healthy_Aging_Score,-0.02583579846317728,0.02583579846317728,False
Cholesterol_Level,Life_Satisfaction_Score,-0.02554223204140691,0.02554223204140691,False
Age,Water_Intake_Liters,0.02513677816676745,0.02513677816676745,False
Fruit_Intake_Per_Day,Resting_Heart_Rate,-0.02432143419755302,0.02432143419755302,False
BMI,Sleep_Duration_Hours,0.02408228475138226,0.02408228475138226,False
Height_cm,BMI,-0.023891564425099765,0.023891564425099765,False
BMI,Working_Hours_Per_Day,0.023537251042302455,0.023537251042302455,False
BMI,Number_of_Night_Awakenings,-0.023453549102096245,0.023453549102096245,False
Weekend_Sleep_Difference_Hours,Vegetable_Intake_Per_Day,0.02325552922205273,0.02325552922205273,False
Height_cm,Mood_Score,0.02313549826890676,0.02313549826890676,False
Daily_Calorie_Intake,Fast_Food_Meals_Per_Week,-0.022575128394778255,0.022575128394778255,False
Sleep_Duration_Hours,Vegetable_Intake_Per_Day,0.022536088112751346,0.022536088112751346,False
Fruit_Intake_Per_Day,Anxiety_Score,0.02241636513286542,0.02241636513286542,False
Weight_kg,Number_of_Night_Awakenings,-0.022373037600775268,0.022373037600775268,False
Screen_Time_Before_Bed_Hours,Resting_Heart_Rate,-0.022077350687780415,0.022077350687780415,False
Fruit_Intake_Per_Day,Stress_Level,0.021900422710543047,0.021900422710543047,False
Daily_Steps,Blood_Sugar_Level,0.021888415419419712,0.021888415419419712,False
Sugary_Drinks_Per_Week,Outdoor_Time_Hours,-0.02184388119031419,0.02184388119031419,False
Weekend_Sleep_Difference_Hours,Focus_Concentration_Score,0.02163677992831788,0.02163677992831788,False
Fruit_Intake_Per_Day,Sitting_Hours_Per_Day,0.02163004252384533,0.02163004252384533,False
Height_cm,Exercise_Frequency_Per_Week,0.021515421774895405,0.021515421774895405,False
Nap_Frequency_Per_Week,Fruit_Intake_Per_Day,0.02150977818417554,0.02150977818417554,False
Weight_kg,Sitting_Hours_Per_Day,0.021320034966456604,0.021320034966456604,False
Sleep_Quality_Score,Water_Intake_Liters,0.021209648136343906,0.021209648136343906,False
Fast_Food_Meals_Per_Week,Mood_Score,0.021025137412002803,0.021025137412002803,False
Weight_kg,Exercise_Frequency_Per_Week,0.021013726021578746,0.021013726021578746,False
Sleep_Quality_Score,Immune_Health_Score,0.020999194686325558,0.020999194686325558,False
Age,Daily_Steps,0.020762682895392445,0.020762682895392445,False
Weight_kg,Daily_Steps,0.020756636184221515,0.020756636184221515,False
Fruit_Intake_Per_Day,Sugary_Drinks_Per_Week,0.020569333194990415,0.020569333194990415,False
Fruit_Intake_Per_Day,Protein_Intake_Grams,0.02032554251712739,0.02032554251712739,False
Diastolic_BP,Focus_Concentration_Score,-0.020117826745910224,0.020117826745910224,False
Age,Immune_Health_Score,0.02002539979407162,0.02002539979407162,False
Number_of_Night_Awakenings,Water_Intake_Liters,0.019772157834084605,0.019772157834084605,False
Blood_Sugar_Level,Energy_Level_Score,0.019592700548828706,0.019592700548828706,False
Nap_Frequency_Per_Week,Sugary_Drinks_Per_Week,-0.019329825670089864,0.019329825670089864,False
Sleep_Duration_Hours,Sitting_Hours_Per_Day,0.01932703226012038,0.01932703226012038,False
Daily_Calorie_Intake,Vegetable_Intake_Per_Day,-0.01917575283332119,0.01917575283332119,False
Screen_Time_Before_Bed_Hours,Sitting_Hours_Per_Day,-0.018696029137657368,0.018696029137657368,False
Nap_Frequency_Per_Week,Healthy_Aging_Score,0.018444333771652454,0.018444333771652454,False
Fast_Food_Meals_Per_Week,Anxiety_Score,-0.01843874078475507,0.01843874078475507,False
Sleep_Quality_Score,Blood_Sugar_Level,0.01808746659104267,0.01808746659104267,False
Age,Exercise_Frequency_Per_Week,0.01802957516728119,0.01802957516728119,False
Exercise_Frequency_Per_Week,Systolic_BP,0.017972613392573004,0.017972613392573004,False
Height_cm,Resting_Heart_Rate,-0.017928608355389387,0.017928608355389387,False
Stress_Level,Blood_Sugar_Level,-0.017910904112634313,0.017910904112634313,False
Sleep_Duration_Hours,Water_Intake_Liters,0.017875364956270613,0.017875364956270613,False
Sleep_Duration_Hours,Immune_Health_Score,0.0178288693635653,0.0178288693635653,False
Height_cm,Healthy_Aging_Score,0.017725863607019166,0.017725863607019166,False
Height_cm,Sleep_Duration_Hours,-0.017687249150377216,0.017687249150377216,False
Sugary_Drinks_Per_Week,Fatigue_Level_Score,-0.017567304270267058,0.017567304270267058,False
Height_cm,Health_Score,0.017503837336172175,0.017503837336172175,False
Sitting_Hours_Per_Day,Social_Interaction_Score,0.017469412212595157,0.017469412212595157,False
Height_cm,Sitting_Hours_Per_Day,0.017325999781195596,0.017325999781195596,False
BMI,Sitting_Hours_Per_Day,0.017299978285551357,0.017299978285551357,False
Height_cm,Outdoor_Time_Hours,0.017230371587825626,0.017230371587825626,False
Height_cm,Daily_Steps,0.017212297924766817,0.017212297924766817,False
Weekend_Sleep_Difference_Hours,Daily_Calorie_Intake,0.017202394058038143,0.017202394058038143,False
Fast_Food_Meals_Per_Week,Social_Interaction_Score,0.017176217588516143,0.017176217588516143,False
Sleep_Quality_Score,Daily_Calorie_Intake,0.017077450301812847,0.017077450301812847,False
Exercise_Frequency_Per_Week,Sitting_Hours_Per_Day,-0.016919752007869632,0.016919752007869632,False
Nap_Frequency_Per_Week,Fast_Food_Meals_Per_Week,0.016814645730397634,0.016814645730397634,False
Age,Nap_Frequency_Per_Week,-0.016741291375410784,0.016741291375410784,False
Working_Hours_Per_Day,Fatigue_Level_Score,0.01650198117825627,0.01650198117825627,False
Fast_Food_Meals_Per_Week,Systolic_BP,-0.01635138864347252,0.01635138864347252,False
Sleep_Quality_Score,Protein_Intake_Grams,0.016285465226352165,0.016285465226352165,False
Number_of_Night_Awakenings,Working_Hours_Per_Day,0.016250558675568502,0.016250558675568502,False
Sleep_Quality_Score,Exercise_Frequency_Per_Week,0.01623371657439025,0.01623371657439025,False
BMI,Weekend_Sleep_Difference_Hours,0.015961683375705013,0.015961683375705013,False
Fruit_Intake_Per_Day,Working_Hours_Per_Day,0.015899333151847612,0.015899333151847612,False
Age,Stress_Level,0.015739897657074852,0.015739897657074852,False
Sleep_Duration_Hours,Breakfast_Regularity_Score,0.015641898086065663,0.015641898086065663,False
Height_cm,Working_Hours_Per_Day,0.015634333459791958,0.015634333459791958,False
Water_Intake_Liters,Sitting_Hours_Per_Day,-0.015569835219040283,0.015569835219040283,False
Age,Depression_Risk_Score,0.015540155267314976,0.015540155267314976,False
Weight_kg,Mood_Score,0.015517453274926653,0.015517453274926653,False
Nap_Frequency_Per_Week,Energy_Level_Score,0.015517404647887598,0.015517404647887598,False
Blood_Sugar_Level,Mood_Score,0.015505228364972768,0.015505228364972768,False
Sugary_Drinks_Per_Week,Focus_Concentration_Score,-0.015373014052678532,0.015373014052678532,False
Working_Hours_Per_Day,Resting_Heart_Rate,0.015365866695383833,0.015365866695383833,False
Daily_Steps,Systolic_BP,0.015183995254999453,0.015183995254999453,False
Height_cm,Life_Satisfaction_Score,0.015114546409255794,0.015114546409255794,False
Working_Hours_Per_Day,Cholesterol_Level,0.015113299473443982,0.015113299473443982,False
Fruit_Intake_Per_Day,Mood_Score,-0.015105761083866649,0.015105761083866649,False
Age,Social_Interaction_Score,-0.01495085377547026,0.01495085377547026,False
Weight_kg,Weekend_Sleep_Difference_Hours,0.014876413379756249,0.014876413379756249,False
Fruit_Intake_Per_Day,Depression_Risk_Score,0.014766401803902532,0.014766401803902532,False
Sleep_Quality_Score,Daily_Steps,0.014751588110823723,0.014751588110823723,False
Outdoor_Time_Hours,Diastolic_BP,0.014739711691185403,0.014739711691185403,False
Fast_Food_Meals_Per_Week,Fatigue_Level_Score,-0.014652225893130885,0.014652225893130885,False
Height_cm,Blood_Sugar_Level,-0.014629442470834385,0.014629442470834385,False
Daily_Steps,Social_Interaction_Score,0.014605792288738654,0.014605792288738654,False
Stress_Level,Immune_Health_Score,-0.014549224537124133,0.014549224537124133,False
Screen_Time_Before_Bed_Hours,Fruit_Intake_Per_Day,0.014510350933476116,0.014510350933476116,False
Nap_Frequency_Per_Week,Breakfast_Regularity_Score,0.01446121945206957,0.01446121945206957,False
Blood_Sugar_Level,Fatigue_Level_Score,-0.014427956671602692,0.014427956671602692,False
Nap_Frequency_Per_Week,Health_Score,0.014412952883622215,0.014412952883622215,False
Sleep_Quality_Score,Fast_Food_Meals_Per_Week,0.01440362376783607,0.01440362376783607,False
BMI,Breakfast_Regularity_Score,-0.014294693889214106,0.014294693889214106,False
Age,Sleep_Duration_Hours,-0.014114268085935395,0.014114268085935395,False
Exercise_Duration_Minutes,Sugary_Drinks_Per_Week,-0.014110794521780552,0.014110794521780552,False
Exercise_Frequency_Per_Week,Blood_Sugar_Level,0.014082282411359016,0.014082282411359016,False
Nap_Frequency_Per_Week,Social_Interaction_Score,-0.01397107173349347,0.01397107173349347,False
Age,Screen_Time_Before_Bed_Hours,-0.013912034848590181,0.013912034848590181,False
Blood_Sugar_Level,Anxiety_Score,-0.01372175486460251,0.01372175486460251,False
Age,Anxiety_Score,0.013658499055322898,0.013658499055322898,False
Protein_Intake_Grams,Blood_Sugar_Level,0.013582491220967831,0.013582491220967831,False
Number_of_Night_Awakenings,Sitting_Hours_Per_Day,0.013520918092977221,0.013520918092977221,False
Fast_Food_Meals_Per_Week,Immune_Health_Score,-0.013500288538210007,0.013500288538210007,False
Height_cm,Depression_Risk_Score,-0.013457476695199633,0.013457476695199633,False
Height_cm,Focus_Concentration_Score,0.013420984579669119,0.013420984579669119,False
Fruit_Intake_Per_Day,Breakfast_Regularity_Score,-0.013367697339229994,0.013367697339229994,False
Vegetable_Intake_Per_Day,Sitting_Hours_Per_Day,0.013365779334125319,0.013365779334125319,False
Protein_Intake_Grams,Fast_Food_Meals_Per_Week,0.01332735034488004,0.01332735034488004,False
Nap_Frequency_Per_Week,Daily_Calorie_Intake,-0.013284592617551634,0.013284592617551634,False
Sitting_Hours_Per_Day,Life_Satisfaction_Score,0.013223250016492688,0.013223250016492688,False
Sitting_Hours_Per_Day,Diastolic_BP,-0.013215085042625762,0.013215085042625762,False
Sleep_Duration_Hours,Screen_Time_Before_Bed_Hours,-0.013171011610659753,0.013171011610659753,False
Blood_Sugar_Level,Depression_Risk_Score,-0.013134369152740697,0.013134369152740697,False
Age,Sleep_Quality_Score,-0.013133343408669177,0.013133343408669177,False
Exercise_Frequency_Per_Week,Working_Hours_Per_Day,-0.012930822200741795,0.012930822200741795,False
Fruit_Intake_Per_Day,Cholesterol_Level,0.012911184566365561,0.012911184566365561,False
Weight_kg,Nap_Frequency_Per_Week,-0.012909552437721974,0.012909552437721974,False
Fast_Food_Meals_Per_Week,Outdoor_Time_Hours,-0.012774575774704153,0.012774575774704153,False
Fast_Food_Meals_Per_Week,Working_Hours_Per_Day,-0.012746705437509874,0.012746705437509874,False
BMI,Social_Interaction_Score,-0.012629823744844499,0.012629823744844499,False
Stress_Level,Sitting_Hours_Per_Day,-0.012629659129922696,0.012629659129922696,False
Weekend_Sleep_Difference_Hours,Diastolic_BP,0.01262016190634492,0.01262016190634492,False
BMI,Daily_Steps,0.012568918850822324,0.012568918850822324,False
Exercise_Frequency_Per_Week,Fast_Food_Meals_Per_Week,-0.012549850657515212,0.012549850657515212,False
Exercise_Duration_Minutes,Vegetable_Intake_Per_Day,0.012543065689382136,0.012543065689382136,False
BMI,Nap_Frequency_Per_Week,-0.012402089913899959,0.012402089913899959,False
Age,Fast_Food_Meals_Per_Week,-0.012381056120332483,0.012381056120332483,False
Sleep_Quality_Score,Nap_Frequency_Per_Week,0.012253677416729114,0.012253677416729114,False
Fast_Food_Meals_Per_Week,Diastolic_BP,-0.012176076789001096,0.012176076789001096,False
Nap_Frequency_Per_Week,Anxiety_Score,-0.012104817053007762,0.012104817053007762,False
Screen_Time_Before_Bed_Hours,Daily_Steps,0.012078315337495326,0.012078315337495326,False
Weekend_Sleep_Difference_Hours,Energy_Level_Score,0.012039024839659015,0.012039024839659015,False
Sleep_Duration_Hours,Fast_Food_Meals_Per_Week,0.012019810623512152,0.012019810623512152,False
Weekend_Sleep_Difference_Hours,Sugary_Drinks_Per_Week,-0.011980738717854161,0.011980738717854161,False
Exercise_Frequency_Per_Week,Stress_Level,-0.011891194430201252,0.011891194430201252,False
Breakfast_Regularity_Score,Immune_Health_Score,0.011860515540863533,0.011860515540863533,False
Fruit_Intake_Per_Day,Focus_Concentration_Score,-0.01182292987420051,0.01182292987420051,False
Vegetable_Intake_Per_Day,Outdoor_Time_Hours,-0.011808862438289545,0.011808862438289545,False
Stress_Level,Resting_Heart_Rate,-0.011774456126846793,0.011774456126846793,False
Number_of_Night_Awakenings,Weekend_Sleep_Difference_Hours,-0.011736092085513298,0.011736092085513298,False
Nap_Frequency_Per_Week,Vegetable_Intake_Per_Day,-0.011703507223836332,0.011703507223836332,False
BMI,Water_Intake_Liters,-0.011659710414172712,0.011659710414172712,False
Water_Intake_Liters,Working_Hours_Per_Day,-0.011616612744305282,0.011616612744305282,False
Height_cm,Vegetable_Intake_Per_Day,-0.011505984776992962,0.011505984776992962,False
Breakfast_Regularity_Score,Outdoor_Time_Hours,-0.011484136214171627,0.011484136214171627,False
Number_of_Night_Awakenings,Blood_Sugar_Level,-0.011451786014802066,0.011451786014802066,False
Water_Intake_Liters,Fruit_Intake_Per_Day,0.011430799816025508,0.011430799816025508,False
Sugary_Drinks_Per_Week,Energy_Level_Score,0.011306259911426935,0.011306259911426935,False
Working_Hours_Per_Day,Healthy_Aging_Score,-0.011235314346581525,0.011235314346581525,False
Exercise_Frequency_Per_Week,Diastolic_BP,0.011216668724727595,0.011216668724727595,False
Fast_Food_Meals_Per_Week,Resting_Heart_Rate,0.011178834877322841,0.011178834877322841,False
Working_Hours_Per_Day,Diastolic_BP,-0.011155018645716434,0.011155018645716434,False
Protein_Intake_Grams,Systolic_BP,0.011003654303213066,0.011003654303213066,False
Sugary_Drinks_Per_Week,Working_Hours_Per_Day,-0.010958231642833138,0.010958231642833138,False
Breakfast_Regularity_Score,Anxiety_Score,-0.010890854607786165,0.010890854607786165,False
Water_Intake_Liters,Vegetable_Intake_Per_Day,0.010854151979033184,0.010854151979033184,False
Weight_kg,Immune_Health_Score,0.01085242154476193,0.01085242154476193,False
Working_Hours_Per_Day,Immune_Health_Score,0.010828835023612319,0.010828835023612319,False
Daily_Calorie_Intake,Sitting_Hours_Per_Day,-0.010767653712879875,0.010767653712879875,False
Number_of_Night_Awakenings,Daily_Calorie_Intake,-0.010736801478656863,0.010736801478656863,False
Number_of_Night_Awakenings,Fast_Food_Meals_Per_Week,0.010687064566675338,0.010687064566675338,False
Weekend_Sleep_Difference_Hours,Social_Interaction_Score,0.010643261376647338,0.010643261376647338,False
Working_Hours_Per_Day,Social_Interaction_Score,0.010506106523494353,0.010506106523494353,False
Age,Height_cm,-0.010479753619596242,0.010479753619596242,False
Outdoor_Time_Hours,Systolic_BP,0.010467521759083723,0.010467521759083723,False
Vegetable_Intake_Per_Day,Social_Interaction_Score,0.010394761997409081,0.010394761997409081,False
Height_cm,Water_Intake_Liters,0.010386001530698278,0.010386001530698278,False
Sleep_Duration_Hours,Resting_Heart_Rate,-0.010384565531205802,0.010384565531205802,False
Nap_Frequency_Per_Week,Diastolic_BP,-0.010339156204551603,0.010339156204551603,False
Blood_Sugar_Level,Immune_Health_Score,-0.010327391196174516,0.010327391196174516,False
BMI,Exercise_Frequency_Per_Week,0.010309295011170663,0.010309295011170663,False
Sugary_Drinks_Per_Week,Cholesterol_Level,-0.010193092669631948,0.010193092669631948,False
Breakfast_Regularity_Score,Diastolic_BP,0.010139301109470193,0.010139301109470193,False
Breakfast_Regularity_Score,Mood_Score,0.010082978986316351,0.010082978986316351,False
Sitting_Hours_Per_Day,Immune_Health_Score,0.010081634998346096,0.010081634998346096,False
Weekend_Sleep_Difference_Hours,Working_Hours_Per_Day,0.01006114511865265,0.01006114511865265,False
Sugary_Drinks_Per_Week,Anxiety_Score,0.010057608029476191,0.010057608029476191,False
Weight_kg,Breakfast_Regularity_Score,-0.00994888093460495,0.00994888093460495,False
Nap_Frequency_Per_Week,Blood_Sugar_Level,-0.009935762023028412,0.009935762023028412,False
Age,Protein_Intake_Grams,0.009853870564395394,0.009853870564395394,False
Working_Hours_Per_Day,Life_Satisfaction_Score,0.009779967629422162,0.009779967629422162,False
Sugary_Drinks_Per_Week,Life_Satisfaction_Score,0.009766128862218433,0.009766128862218433,False
Breakfast_Regularity_Score,Resting_Heart_Rate,-0.009724742545777184,0.009724742545777184,False
Weight_kg,Sleep_Duration_Hours,0.009664740429030544,0.009664740429030544,False
Height_cm,Systolic_BP,-0.009619943165132023,0.009619943165132023,False
Height_cm,Protein_Intake_Grams,0.009585966159731424,0.009585966159731424,False
BMI,Resting_Heart_Rate,0.009451849345532577,0.009451849345532577,False
Height_cm,Daily_Calorie_Intake,-0.009348998428980073,0.009348998428980073,False
Sleep_Duration_Hours,Fruit_Intake_Per_Day,0.009329145723701422,0.009329145723701422,False
Working_Hours_Per_Day,Health_Score,-0.00931713929813949,0.00931713929813949,False
Height_cm,Anxiety_Score,-0.009309651520024205,0.009309651520024205,False
Height_cm,Stress_Level,-0.009305406199866865,0.009305406199866865,False
Nap_Frequency_Per_Week,Depression_Risk_Score,-0.009232565453027005,0.009232565453027005,False
Age,Sitting_Hours_Per_Day,-0.009224031071076803,0.009224031071076803,False
Screen_Time_Before_Bed_Hours,Working_Hours_Per_Day,-0.009220053383227273,0.009220053383227273,False
BMI,Immune_Health_Score,0.009191048533573458,0.009191048533573458,False
Breakfast_Regularity_Score,Cholesterol_Level,0.009175222960573357,0.009175222960573357,False
Exercise_Duration_Minutes,Diastolic_BP,-0.009161405774233295,0.009161405774233295,False
Sleep_Quality_Score,Weekend_Sleep_Difference_Hours,0.009118008503890055,0.009118008503890055,False
Screen_Time_Before_Bed_Hours,Immune_Health_Score,0.009066378810145234,0.009066378810145234,False
Exercise_Frequency_Per_Week,Social_Interaction_Score,0.009038661874656599,0.009038661874656599,False
Age,Vegetable_Intake_Per_Day,0.009033218164893837,0.009033218164893837,False
Sleep_Duration_Hours,Diastolic_BP,-0.00902815037995395,0.00902815037995395,False
Height_cm,Energy_Level_Score,0.009009048041370994,0.009009048041370994,False
Water_Intake_Liters,Fast_Food_Meals_Per_Week,-0.00899815856480717,0.00899815856480717,False
Weekend_Sleep_Difference_Hours,Systolic_BP,0.008998101159074803,0.008998101159074803,False
Vegetable_Intake_Per_Day,Systolic_BP,0.008973343018761435,0.008973343018761435,False
Breakfast_Regularity_Score,Stress_Level,0.008933913487110128,0.008933913487110128,False
Vegetable_Intake_Per_Day,Focus_Concentration_Score,0.008886974246547703,0.008886974246547703,False
Weekend_Sleep_Difference_Hours,Mood_Score,0.008832124275476645,0.008832124275476645,False
Weight_kg,Life_Satisfaction_Score,0.00878695552416594,0.00878695552416594,False
Height_cm,Cholesterol_Level,-0.008753733354974,0.008753733354974,False
Weekend_Sleep_Difference_Hours,Fruit_Intake_Per_Day,-0.008694607435395183,0.008694607435395183,False
Number_of_Night_Awakenings,Resting_Heart_Rate,-0.008687708738867051,0.008687708738867051,False
Screen_Time_Before_Bed_Hours,Healthy_Aging_Score,0.008666832760470283,0.008666832760470283,False
Number_of_Night_Awakenings,Sugary_Drinks_Per_Week,-0.008665600957000738,0.008665600957000738,False
Screen_Time_Before_Bed_Hours,Mood_Score,0.008548208012523876,0.008548208012523876,False
Sugary_Drinks_Per_Week,Depression_Risk_Score,-0.008519250688424592,0.008519250688424592,False
Vegetable_Intake_Per_Day,Fast_Food_Meals_Per_Week,0.008483325953814319,0.008483325953814319,False
Nap_Frequency_Per_Week,Systolic_BP,-0.008419924031991504,0.008419924031991504,False
Protein_Intake_Grams,Diastolic_BP,0.008373912085827733,0.008373912085827733,False
Daily_Calorie_Intake,Breakfast_Regularity_Score,-0.00829654360297402,0.00829654360297402,False
Daily_Calorie_Intake,Working_Hours_Per_Day,-0.008253987524882102,0.008253987524882102,False
Water_Intake_Liters,Stress_Level,-0.008248998194231296,0.008248998194231296,False
Number_of_Night_Awakenings,Cholesterol_Level,0.008190154694638675,0.008190154694638675,False
Weight_kg,Social_Interaction_Score,-0.008176378995787822,0.008176378995787822,False
Nap_Frequency_Per_Week,Cholesterol_Level,0.00816884882181486,0.00816884882181486,False
Sleep_Duration_Hours,Blood_Sugar_Level,0.008109777141559396,0.008109777141559396,False
Sitting_Hours_Per_Day,Systolic_BP,-0.008067446336785244,0.008067446336785244,False
Sleep_Quality_Score,Resting_Heart_Rate,-0.008052147574963529,0.008052147574963529,False
Vegetable_Intake_Per_Day,Protein_Intake_Grams,0.008046467939410974,0.008046467939410974,False
Number_of_Night_Awakenings,Breakfast_Regularity_Score,-0.008024874869032172,0.008024874869032172,False
Sleep_Quality_Score,Exercise_Duration_Minutes,-0.008017554530046003,0.008017554530046003,False
Fruit_Intake_Per_Day,Blood_Sugar_Level,-0.008015104834292257,0.008015104834292257,False
Exercise_Frequency_Per_Week,Sugary_Drinks_Per_Week,0.007993677609564539,0.007993677609564539,False
Fruit_Intake_Per_Day,Vegetable_Intake_Per_Day,-0.007910155365115884,0.007910155365115884,False
Stress_Level,Working_Hours_Per_Day,-0.007862710548788836,0.007862710548788836,False
Sitting_Hours_Per_Day,Fatigue_Level_Score,0.007847897932394496,0.007847897932394496,False
Protein_Intake_Grams,Breakfast_Regularity_Score,0.00782566825030857,0.00782566825030857,False
Working_Hours_Per_Day,Energy_Level_Score,-0.007796655215542276,0.007796655215542276,False
Screen_Time_Before_Bed_Hours,Energy_Level_Score,0.0077899557724636056,0.0077899557724636056,False
Nap_Frequency_Per_Week,Outdoor_Time_Hours,-0.007785382483371846,0.007785382483371846,False
Nap_Frequency_Per_Week,Mood_Score,0.007776523884224303,0.007776523884224303,False
Exercise_Duration_Minutes,Breakfast_Regularity_Score,0.007775678974135085,0.007775678974135085,False
Breakfast_Regularity_Score,Sitting_Hours_Per_Day,0.0077343337619393835,0.0077343337619393835,False
Height_cm,Number_of_Night_Awakenings,-0.007622586445035643,0.007622586445035643,False
Breakfast_Regularity_Score,Systolic_BP,0.007590859494163774,0.007590859494163774,False
Exercise_Duration_Minutes,Social_Interaction_Score,-0.007551646740564428,0.007551646740564428,False
Age,Exercise_Duration_Minutes,-0.007549971954786556,0.007549971954786556,False
Daily_Steps,Fruit_Intake_Per_Day,-0.0075105496415103085,0.0075105496415103085,False
Weight_kg,Protein_Intake_Grams,0.007436847009236496,0.007436847009236496,False
Sitting_Hours_Per_Day,Health_Score,-0.007398944635508033,0.007398944635508033,False
Weekend_Sleep_Difference_Hours,Daily_Steps,-0.007385085950745895,0.007385085950745895,False
Fruit_Intake_Per_Day,Diastolic_BP,0.007383911299994875,0.007383911299994875,False
Number_of_Night_Awakenings,Protein_Intake_Grams,0.007376997927356536,0.007376997927356536,False
Weight_kg,Focus_Concentration_Score,0.007362135322932834,0.007362135322932834,False
Height_cm,Social_Interaction_Score,0.007348403558228657,0.007348403558228657,False
Breakfast_Regularity_Score,Depression_Risk_Score,-0.00728335596400196,0.00728335596400196,False
Number_of_Night_Awakenings,Daily_Steps,0.00725863231276023,0.00725863231276023,False
Screen_Time_Before_Bed_Hours,Exercise_Duration_Minutes,0.007224530999360626,0.007224530999360626,False
Vegetable_Intake_Per_Day,Working_Hours_Per_Day,0.007211349122352342,0.007211349122352342,False
BMI,Sugary_Drinks_Per_Week,-0.0071611186696894326,0.0071611186696894326,False
Working_Hours_Per_Day,Outdoor_Time_Hours,0.007061310988011533,0.007061310988011533,False
Sugary_Drinks_Per_Week,Health_Score,0.007044423736657212,0.007044423736657212,False
Age,Outdoor_Time_Hours,0.0070207189360875786,0.0070207189360875786,False
Exercise_Duration_Minutes,Fast_Food_Meals_Per_Week,0.007003134413782363,0.007003134413782363,False
Sleep_Quality_Score,Sitting_Hours_Per_Day,-0.006966998593095828,0.006966998593095828,False
Working_Hours_Per_Day,Systolic_BP,-0.006947709250493112,0.006947709250493112,False
Weekend_Sleep_Difference_Hours,Screen_Time_Before_Bed_Hours,-0.006939900214645429,0.006939900214645429,False
BMI,Vegetable_Intake_Per_Day,0.00690257411403024,0.00690257411403024,False
Sleep_Quality_Score,Outdoor_Time_Hours,0.006896157638566338,0.006896157638566338,False
Water_Intake_Liters,Sugary_Drinks_Per_Week,0.006804634293729075,0.006804634293729075,False
Weight_kg,Energy_Level_Score,0.006800775751463084,0.006800775751463084,False
Fruit_Intake_Per_Day,Social_Interaction_Score,-0.006774864738427341,0.006774864738427341,False
Screen_Time_Before_Bed_Hours,Social_Interaction_Score,-0.006772815228555411,0.006772815228555411,False
Fruit_Intake_Per_Day,Fast_Food_Meals_Per_Week,-0.00676612597777537,0.00676612597777537,False
Age,Number_of_Night_Awakenings,-0.006594492346788573,0.006594492346788573,False
Nap_Frequency_Per_Week,Working_Hours_Per_Day,0.0065537182371035885,0.0065537182371035885,False
Working_Hours_Per_Day,Anxiety_Score,0.006481991003754684,0.006481991003754684,False
Sugary_Drinks_Per_Week,Resting_Heart_Rate,0.0063883269001132415,0.0063883269001132415,False
Sugary_Drinks_Per_Week,Breakfast_Regularity_Score,-0.006237841758335049,0.006237841758335049,False
Nap_Frequency_Per_Week,Life_Satisfaction_Score,-0.006223419318637247,0.006223419318637247,False
Number_of_Night_Awakenings,Screen_Time_Before_Bed_Hours,0.006193352516352185,0.006193352516352185,False
Weight_kg,Outdoor_Time_Hours,0.006087732111720589,0.006087732111720589,False
Screen_Time_Before_Bed_Hours,Water_Intake_Liters,-0.006068638440731106,0.006068638440731106,False
Daily_Calorie_Intake,Cholesterol_Level,0.006065086639843667,0.006065086639843667,False
Height_cm,Immune_Health_Score,0.005993708721690716,0.005993708721690716,False
Social_Interaction_Score,Resting_Heart_Rate,0.005989698573427352,0.005989698573427352,False
Age,Sugary_Drinks_Per_Week,0.005985306706578375,0.005985306706578375,False
Nap_Frequency_Per_Week,Protein_Intake_Grams,0.00596292689359531,0.00596292689359531,False
Screen_Time_Before_Bed_Hours,Health_Score,0.005950421815888856,0.005950421815888856,False
Sitting_Hours_Per_Day,Healthy_Aging_Score,-0.0058700816459120245,0.0058700816459120245,False
Sugary_Drinks_Per_Week,Stress_Level,0.005864984064792365,0.005864984064792365,False
Daily_Steps,Breakfast_Regularity_Score,0.0058325613381124035,0.0058325613381124035,False
Water_Intake_Liters,Systolic_BP,0.005828627469149999,0.005828627469149999,False
Sugary_Drinks_Per_Week,Immune_Health_Score,-0.005823992206764865,0.005823992206764865,False
Exercise_Duration_Minutes,Blood_Sugar_Level,0.005757028579114863,0.005757028579114863,False
Sleep_Duration_Hours,Systolic_BP,-0.005753072001584582,0.005753072001584582,False
Weight_kg,Sugary_Drinks_Per_Week,-0.005667189487510197,0.005667189487510197,False
Nap_Frequency_Per_Week,Sitting_Hours_Per_Day,-0.005542012761938096,0.005542012761938096,False
Water_Intake_Liters,Social_Interaction_Score,-0.005530764834754601,0.005530764834754601,False
Age,Breakfast_Regularity_Score,-0.005424145651943833,0.005424145651943833,False
Weekend_Sleep_Difference_Hours,Fast_Food_Meals_Per_Week,-0.005378888096763079,0.005378888096763079,False
BMI,Stress_Level,0.0053056419818505954,0.0053056419818505954,False
Breakfast_Regularity_Score,Social_Interaction_Score,-0.005288410816652474,0.005288410816652474,False
Age,Energy_Level_Score,0.005288190022719679,0.005288190022719679,False
Blood_Sugar_Level,Focus_Concentration_Score,0.00527882204396176,0.00527882204396176,False
Exercise_Duration_Minutes,Stress_Level,0.005278618642325908,0.005278618642325908,False
Working_Hours_Per_Day,Focus_Concentration_Score,-0.0052212502384957156,0.0052212502384957156,False
BMI,Fast_Food_Meals_Per_Week,0.00520663404439712,0.00520663404439712,False
Nap_Frequency_Per_Week,Exercise_Duration_Minutes,0.005182610411257917,0.005182610411257917,False
Exercise_Duration_Minutes,Systolic_BP,-0.005144842865232094,0.005144842865232094,False
BMI,Screen_Time_Before_Bed_Hours,0.005101725968856976,0.005101725968856976,False
Vegetable_Intake_Per_Day,Blood_Sugar_Level,-0.005099776711736211,0.005099776711736211,False
Age,Working_Hours_Per_Day,0.005068943195688106,0.005068943195688106,False
BMI,Fatigue_Level_Score,0.005060729903476545,0.005060729903476545,False
Sitting_Hours_Per_Day,Outdoor_Time_Hours,0.004997621954480046,0.004997621954480046,False
Weekend_Sleep_Difference_Hours,Sitting_Hours_Per_Day,0.004982014670830244,0.004982014670830244,False
BMI,Outdoor_Time_Hours,-0.004919704588162859,0.004919704588162859,False
Weight_kg,Fast_Food_Meals_Per_Week,0.004849433185952014,0.004849433185952014,False
Vegetable_Intake_Per_Day,Breakfast_Regularity_Score,-0.004775210263920495,0.004775210263920495,False
Screen_Time_Before_Bed_Hours,Exercise_Frequency_Per_Week,0.004716658097815904,0.004716658097815904,False
BMI,Anxiety_Score,0.004713708894193764,0.004713708894193764,False
Height_cm,Breakfast_Regularity_Score,0.004669807498775239,0.004669807498775239,False
Vegetable_Intake_Per_Day,Diastolic_BP,0.004640588377866448,0.004640588377866448,False
Height_cm,Sleep_Quality_Score,0.004634285331398311,0.004634285331398311,False
Weekend_Sleep_Difference_Hours,Fatigue_Level_Score,-0.004595256137169081,0.004595256137169081,False
Number_of_Night_Awakenings,Vegetable_Intake_Per_Day,-0.00450448496827621,0.00450448496827621,False
Sitting_Hours_Per_Day,Anxiety_Score,0.004454162991999445,0.004454162991999445,False
Exercise_Duration_Minutes,Sitting_Hours_Per_Day,0.0043712926141079855,0.0043712926141079855,False
Sugary_Drinks_Per_Week,Sitting_Hours_Per_Day,-0.004366500323684571,0.004366500323684571,False
Sleep_Duration_Hours,Daily_Calorie_Intake,0.004362369792328479,0.004362369792328479,False
Height_cm,Weekend_Sleep_Difference_Hours,0.004315469746394345,0.004315469746394345,False
Working_Hours_Per_Day,Depression_Risk_Score,0.004298662729159555,0.004298662729159555,False
Breakfast_Regularity_Score,Blood_Sugar_Level,-0.0042910018124846395,0.0042910018124846395,False
Weight_kg,Exercise_Duration_Minutes,0.00426526699178178,0.00426526699178178,False
Sleep_Quality_Score,Working_Hours_Per_Day,-0.004250950727436938,0.004250950727436938,False
BMI,Exercise_Duration_Minutes,0.0042485403577087535,0.0042485403577087535,False
Weight_kg,Depression_Risk_Score,-0.004226545687585621,0.004226545687585621,False
Weekend_Sleep_Difference_Hours,Resting_Heart_Rate,0.0041723255410844266,0.0041723255410844266,False
Daily_Steps,Sitting_Hours_Per_Day,-0.004168640990733848,0.004168640990733848,False
Age,Mood_Score,-0.004155476987684535,0.004155476987684535,False
Daily_Steps,Diastolic_BP,0.004127799144841012,0.004127799144841012,False
Weekend_Sleep_Difference_Hours,Cholesterol_Level,0.004108365901523933,0.004108365901523933,False
Fruit_Intake_Per_Day,Energy_Level_Score,0.004048485812763541,0.004048485812763541,False
Screen_Time_Before_Bed_Hours,Breakfast_Regularity_Score,-0.003993447263952914,0.003993447263952914,False
Daily_Calorie_Intake,Stress_Level,0.003982010231118036,0.003982010231118036,False
Number_of_Night_Awakenings,Exercise_Frequency_Per_Week,0.003949314387147582,0.003949314387147582,False
Weight_kg,Water_Intake_Liters,-0.003935927420928374,0.003935927420928374,False
Sugary_Drinks_Per_Week,Fast_Food_Meals_Per_Week,0.003928313898854529,0.003928313898854529,False
BMI,Protein_Intake_Grams,0.0039010460518105468,0.0039010460518105468,False
Vegetable_Intake_Per_Day,Fatigue_Level_Score,0.003888107295560117,0.003888107295560117,False
Sugary_Drinks_Per_Week,Social_Interaction_Score,0.0038753368553328216,0.0038753368553328216,False
Working_Hours_Per_Day,Mood_Score,-0.0038111617772433326,0.0038111617772433326,False
Daily_Steps,Fast_Food_Meals_Per_Week,0.003772065034596587,0.003772065034596587,False
Vegetable_Intake_Per_Day,Anxiety_Score,-0.0036970059571835457,0.0036970059571835457,False
Stress_Level,Outdoor_Time_Hours,-0.0036912097426883166,0.0036912097426883166,False
Sitting_Hours_Per_Day,Focus_Concentration_Score,0.003673166525997774,0.003673166525997774,False
Sleep_Duration_Hours,Outdoor_Time_Hours,-0.003672014401802663,0.003672014401802663,False
Weekend_Sleep_Difference_Hours,Anxiety_Score,0.0035546846282217296,0.0035546846282217296,False
Nap_Frequency_Per_Week,Water_Intake_Liters,0.0035426612128359883,0.0035426612128359883,False
BMI,Mood_Score,0.003523091350799711,0.003523091350799711,False
Age,Focus_Concentration_Score,-0.0035162319063317057,0.0035162319063317057,False
Screen_Time_Before_Bed_Hours,Protein_Intake_Grams,-0.003449381712394868,0.003449381712394868,False
Water_Intake_Liters,Breakfast_Regularity_Score,-0.0034303531525010852,0.0034303531525010852,False
Weight_kg,Screen_Time_Before_Bed_Hours,0.003398346803460738,0.003398346803460738,False
Nap_Frequency_Per_Week,Immune_Health_Score,0.0033511824631820356,0.0033511824631820356,False
Fruit_Intake_Per_Day,Outdoor_Time_Hours,-0.00328925237881795,0.00328925237881795,False
Nap_Frequency_Per_Week,Daily_Steps,-0.0032258714032650728,0.0032258714032650728,False
Sleep_Duration_Hours,Cholesterol_Level,0.003197686070130304,0.003197686070130304,False
Sleep_Duration_Hours,Exercise_Frequency_Per_Week,0.0031819368266541395,0.0031819368266541395,False
Sleep_Quality_Score,Cholesterol_Level,-0.0031769528662071275,0.0031769528662071275,False
Screen_Time_Before_Bed_Hours,Diastolic_BP,-0.003167730787623057,0.003167730787623057,False
Weight_kg,Sleep_Quality_Score,0.003158632114714035,0.003158632114714035,False
Working_Hours_Per_Day,Blood_Sugar_Level,0.003156908456838558,0.003156908456838558,False
Height_cm,Diastolic_BP,0.003132031670383031,0.003132031670383031,False
Nap_Frequency_Per_Week,Fatigue_Level_Score,-0.003131425181848453,0.003131425181848453,False
Number_of_Night_Awakenings,Diastolic_BP,-0.0031227537686374313,0.0031227537686374313,False
Screen_Time_Before_Bed_Hours,Daily_Calorie_Intake,0.0030126817059609443,0.0030126817059609443,False
Weekend_Sleep_Difference_Hours,Health_Score,0.002964079022824578,0.002964079022824578,False
Nap_Frequency_Per_Week,Focus_Concentration_Score,0.0029523822401508497,0.0029523822401508497,False
Sleep_Duration_Hours,Social_Interaction_Score,0.002918129100139315,0.002918129100139315,False
Breakfast_Regularity_Score,Life_Satisfaction_Score,0.0029074625956395893,0.0029074625956395893,False
Sitting_Hours_Per_Day,Resting_Heart_Rate,0.002865407590890969,0.002865407590890969,False
Sleep_Quality_Score,Screen_Time_Before_Bed_Hours,-0.002857065104163283,0.002857065104163283,False
Outdoor_Time_Hours,Blood_Sugar_Level,-0.002799422938394799,0.002799422938394799,False
Weekend_Sleep_Difference_Hours,Immune_Health_Score,-0.0027832015049644877,0.0027832015049644877,False
Sleep_Quality_Score,Vegetable_Intake_Per_Day,0.002776262280947929,0.002776262280947929,False
BMI,Life_Satisfaction_Score,0.0027744510954299363,0.0027744510954299363,False
Vegetable_Intake_Per_Day,Life_Satisfaction_Score,-0.0027742697910968415,0.0027742697910968415,False
Vegetable_Intake_Per_Day,Energy_Level_Score,-0.0027597650992989163,0.0027597650992989163,False
Age,Weekend_Sleep_Difference_Hours,-0.0027573742236232175,0.0027573742236232175,False
Weekend_Sleep_Difference_Hours,Water_Intake_Liters,-0.002755912823562709,0.002755912823562709,False
Weekend_Sleep_Difference_Hours,Healthy_Aging_Score,0.0027368324382918367,0.0027368324382918367,False
Sitting_Hours_Per_Day,Energy_Level_Score,-0.0026917926844934876,0.0026917926844934876,False
Protein_Intake_Grams,Stress_Level,0.0026639043070023453,0.0026639043070023453,False
Weekend_Sleep_Difference_Hours,Outdoor_Time_Hours,0.002661700265330629,0.002661700265330629,False
Vegetable_Intake_Per_Day,Resting_Heart_Rate,-0.0026547429480070846,0.0026547429480070846,False
Protein_Intake_Grams,Working_Hours_Per_Day,0.0026526655752241945,0.0026526655752241945,False
Sleep_Duration_Hours,Protein_Intake_Grams,-0.0026295554714299706,0.0026295554714299706,False
Protein_Intake_Grams,Sugary_Drinks_Per_Week,-0.0025137805039740493,0.0025137805039740493,False
Outdoor_Time_Hours,Social_Interaction_Score,0.0025129768392374505,0.0025129768392374505,False
Daily_Steps,Stress_Level,-0.0025063204354938127,0.0025063204354938127,False
Sugary_Drinks_Per_Week,Mood_Score,-0.0024845010131109993,0.0024845010131109993,False
Number_of_Night_Awakenings,Systolic_BP,0.0024647433038996174,0.0024647433038996174,False
Social_Interaction_Score,Cholesterol_Level,0.0024553318280866486,0.0024553318280866486,False
Weekend_Sleep_Difference_Hours,Exercise_Duration_Minutes,-0.0024526700958502844,0.0024526700958502844,False
Number_of_Night_Awakenings,Nap_Frequency_Per_Week,0.0024291234070884624,0.0024291234070884624,False
Weekend_Sleep_Difference_Hours,Blood_Sugar_Level,0.002418208648559484,0.002418208648559484,False
Nap_Frequency_Per_Week,Stress_Level,-0.0024162379313737293,0.0024162379313737293,False
Nap_Frequency_Per_Week,Screen_Time_Before_Bed_Hours,0.0023866777932191777,0.0023866777932191777,False
Height_cm,Fatigue_Level_Score,-0.002354430993449847,0.002354430993449847,False
Weight_kg,Fatigue_Level_Score,0.00234185892470713,0.00234185892470713,False
Sugary_Drinks_Per_Week,Systolic_BP,-0.0023120674115608437,0.0023120674115608437,False
Daily_Calorie_Intake,Social_Interaction_Score,-0.002307163873586334,0.002307163873586334,False
Daily_Steps,Working_Hours_Per_Day,-0.0022648134413413503,0.0022648134413413503,False
Sleep_Duration_Hours,Sugary_Drinks_Per_Week,-0.002214564972228885,0.002214564972228885,False
Screen_Time_Before_Bed_Hours,Systolic_BP,-0.0022096848053405646,0.0022096848053405646,False
Screen_Time_Before_Bed_Hours,Stress_Level,-0.0021832551355280825,0.0021832551355280825,False
Fruit_Intake_Per_Day,Systolic_BP,-0.002177946374467254,0.002177946374467254,False
Sitting_Hours_Per_Day,Blood_Sugar_Level,-0.0021008361679548757,0.0021008361679548757,False
Exercise_Duration_Minutes,Working_Hours_Per_Day,0.002055917540361638,0.002055917540361638,False
Fast_Food_Meals_Per_Week,Sitting_Hours_Per_Day,-0.001998813959429368,0.001998813959429368,False
Water_Intake_Liters,Blood_Sugar_Level,0.001997164290443753,0.001997164290443753,False
Sugary_Drinks_Per_Week,Diastolic_BP,-0.0019775927735214472,0.0019775927735214472,False
BMI,Depression_Risk_Score,0.0019589619763213263,0.0019589619763213263,False
Weight_kg,Resting_Heart_Rate,-0.001911184056924977,0.001911184056924977,False
Sleep_Duration_Hours,Weekend_Sleep_Difference_Hours,0.0017906731326587167,0.0017906731326587167,False
Weekend_Sleep_Difference_Hours,Stress_Level,0.0017531009561412353,0.0017531009561412353,False
BMI,Focus_Concentration_Score,-0.0017070136019282083,0.0017070136019282083,False
Number_of_Night_Awakenings,Fruit_Intake_Per_Day,-0.0015704016498396735,0.0015704016498396735,False
Screen_Time_Before_Bed_Hours,Anxiety_Score,-0.0015606839813522766,0.0015606839813522766,False
BMI,Energy_Level_Score,0.0015353063286293795,0.0015353063286293795,False
Number_of_Night_Awakenings,Outdoor_Time_Hours,0.0015317204209459006,0.0015317204209459006,False
Height_cm,Fruit_Intake_Per_Day,-0.00152338470878577,0.00152338470878577,False
Height_cm,Screen_Time_Before_Bed_Hours,-0.001519139307174349,0.001519139307174349,False
Height_cm,Sugary_Drinks_Per_Week,0.0014893349331724789,0.0014893349331724789,False
Sleep_Quality_Score,Sugary_Drinks_Per_Week,0.001473227495649801,0.001473227495649801,False
Exercise_Frequency_Per_Week,Breakfast_Regularity_Score,0.0014621019654257614,0.0014621019654257614,False
Nap_Frequency_Per_Week,Resting_Heart_Rate,0.001426999086659609,0.001426999086659609,False
Vegetable_Intake_Per_Day,Stress_Level,-0.001413905920404452,0.001413905920404452,False
Screen_Time_Before_Bed_Hours,Sugary_Drinks_Per_Week,0.00139590471571568,0.00139590471571568,False
Weekend_Sleep_Difference_Hours,Exercise_Frequency_Per_Week,0.0012850916233763893,0.0012850916233763893,False
Vegetable_Intake_Per_Day,Mood_Score,-0.0012750834358297347,0.0012750834358297347,False
Daily_Steps,Sugary_Drinks_Per_Week,0.001267736998504286,0.001267736998504286,False
BMI,Fruit_Intake_Per_Day,-0.0012552307489561993,0.0012552307489561993,False
Exercise_Frequency_Per_Week,Fruit_Intake_Per_Day,0.0012320148399540087,0.0012320148399540087,False
Water_Intake_Liters,Diastolic_BP,-0.001213122931305915,0.001213122931305915,False
Sitting_Hours_Per_Day,Cholesterol_Level,0.0011967629371947518,0.0011967629371947518,False
Age,Fatigue_Level_Score,-0.001157861086199596,0.001157861086199596,False
Weight_kg,Fruit_Intake_Per_Day,-0.0011508741311924769,0.0011508741311924769,False
Protein_Intake_Grams,Social_Interaction_Score,-0.0011259554719192794,0.0011259554719192794,False
Weekend_Sleep_Difference_Hours,Life_Satisfaction_Score,0.0010778822643965462,0.0010778822643965462,False
Daily_Calorie_Intake,Sugary_Drinks_Per_Week,0.0010491483351346969,0.0010491483351346969,False
Screen_Time_Before_Bed_Hours,Life_Satisfaction_Score,-0.0009727576435242365,0.0009727576435242365,False
Exercise_Frequency_Per_Week,Vegetable_Intake_Per_Day,-0.0009724135668800122,0.0009724135668800122,False
Number_of_Night_Awakenings,Immune_Health_Score,-0.0009646224345708959,0.0009646224345708959,False
Age,Fruit_Intake_Per_Day,-0.0009369943110210341,0.0009369943110210341,False
Fruit_Intake_Per_Day,Fatigue_Level_Score,0.0009128131710690019,0.0009128131710690019,False
Social_Interaction_Score,Blood_Sugar_Level,0.000907448718921056,0.000907448718921056,False
Weight_kg,Anxiety_Score,-0.0008987867110212505,0.0008987867110212505,False
Weekend_Sleep_Difference_Hours,Breakfast_Regularity_Score,-0.0008768971548190603,0.0008768971548190603,False
Sleep_Duration_Hours,Exercise_Duration_Minutes,-0.0008551983134233101,0.0008551983134233101,False
Screen_Time_Before_Bed_Hours,Blood_Sugar_Level,-0.000825368153140466,0.000825368153140466,False
Weekend_Sleep_Difference_Hours,Nap_Frequency_Per_Week,0.0007957493457791581,0.0007957493457791581,False
Number_of_Night_Awakenings,Exercise_Duration_Minutes,0.0007797690643949341,0.0007797690643949341,False
Height_cm,Exercise_Duration_Minutes,0.0007619865003521427,0.0007619865003521427,False
Vegetable_Intake_Per_Day,Cholesterol_Level,-0.0007028517449637494,0.0007028517449637494,False
Screen_Time_Before_Bed_Hours,Fast_Food_Meals_Per_Week,0.0006766356051931302,0.0006766356051931302,False
Screen_Time_Before_Bed_Hours,Vegetable_Intake_Per_Day,-0.0006655733391282342,0.0006655733391282342,False
Screen_Time_Before_Bed_Hours,Cholesterol_Level,-0.0006568410659084414,0.0006568410659084414,False
Number_of_Night_Awakenings,Social_Interaction_Score,0.0006543803453610431,0.0006543803453610431,False
Exercise_Duration_Minutes,Fruit_Intake_Per_Day,0.0006494683818963687,0.0006494683818963687,False
Screen_Time_Before_Bed_Hours,Depression_Risk_Score,0.000635763934926908,0.000635763934926908,False
BMI,Sleep_Quality_Score,0.0006047246367236706,0.0006047246367236706,False
Age,Life_Satisfaction_Score,0.000601658066087643,0.000601658066087643,False
Daily_Calorie_Intake,Fruit_Intake_Per_Day,-0.0005846185314551083,0.0005846185314551083,False
Height_cm,Nap_Frequency_Per_Week,-0.0005808568575381118,0.0005808568575381118,False
Screen_Time_Before_Bed_Hours,Outdoor_Time_Hours,-0.0005703386134769315,0.0005703386134769315,False
Sleep_Quality_Score,Fruit_Intake_Per_Day,0.0005156443835449214,0.0005156443835449214,False
Weekend_Sleep_Difference_Hours,Depression_Risk_Score,-0.0005034025324713709,0.0005034025324713709,False
Social_Interaction_Score,Immune_Health_Score,0.0005005480219474822,0.0005005480219474822,False
Breakfast_Regularity_Score,Working_Hours_Per_Day,-0.0004925152693562169,0.0004925152693562169,False
Stress_Level,Cholesterol_Level,0.0004690076700736559,0.0004690076700736559,False
Fast_Food_Meals_Per_Week,Energy_Level_Score,0.0004287474044328575,0.0004287474044328575,False
Sleep_Duration_Hours,Daily_Steps,0.0004240168984614028,0.0004240168984614028,False
Weight_kg,Stress_Level,-0.0004075174183896856,0.0004075174183896856,False
Daily_Steps,Vegetable_Intake_Per_Day,-0.00035274848679024175,0.00035274848679024175,False
Sitting_Hours_Per_Day,Depression_Risk_Score,0.00032384888697769665,0.00032384888697769665,False
Weekend_Sleep_Difference_Hours,Protein_Intake_Grams,0.00030938777456995873,0.00030938777456995873,False
Vegetable_Intake_Per_Day,Depression_Risk_Score,0.00022457217304555418,0.00022457217304555418,False
Fast_Food_Meals_Per_Week,Focus_Concentration_Score,0.00022168044197702443,0.00022168044197702443,False
Sitting_Hours_Per_Day,Mood_Score,-0.00010441178527035754,0.00010441178527035754,False
Nap_Frequency_Per_Week,Exercise_Frequency_Per_Week,0.00010405252626348755,0.00010405252626348755,False
Protein_Intake_Grams,Sitting_Hours_Per_Day,-9.826634586715173e-05,9.826634586715173e-05,False
Weight_kg,Vegetable_Intake_Per_Day,9.20289197201041e-05,9.20289197201041e-05,False
Fast_Food_Meals_Per_Week,Breakfast_Regularity_Score,8.40776989443178e-05,8.40776989443178e-05,False
Sleep_Duration_Hours,Nap_Frequency_Per_Week,-5.95262953031267e-05,5.95262953031267e-05,False
Height_cm,Fast_Food_Meals_Per_Week,2.038052422617068e-05,2.038052422617068e-05,False
