fold,model,n_knots,degree,alpha,transformed_width,r2,mae,rmse,transform_seconds,fit_seconds
0,spline_k3_d2_a0p3,3,2,0.3,172,0.7949532505328457,0.574536553073709,0.7216479634480396,0.15292099999714992,0.014189400000759633
0,spline_k3_d2_a1p0,3,2,1.0,172,0.7950152311008055,0.5744640589193488,0.7215388870268757,0.15292099999714992,0.013254299999971408
0,spline_k3_d2_a3p0,3,2,3.0,172,0.7951593341566863,0.5743076692454341,0.7212852236957911,0.15292099999714992,0.013799699998344295
0,spline_k3_d2_a10p0,3,2,10.0,172,0.7952015386827164,0.5744144845783243,0.7212109145515467,0.15292099999714992,0.013153300002159085
0,spline_k4_d2_a0p3,4,2,0.3,208,0.7951568914294642,0.573853884030172,0.7212895243501335,0.09557069999937085,0.013119400002324255
0,spline_k4_d2_a1p0,4,2,1.0,208,0.7953084147587886,0.5737079087479127,0.7210227045157891,0.09557069999937085,0.012840999999752967
0,spline_k4_d2_a3p0,4,2,3.0,208,0.7955104009164935,0.5736326252962007,0.7206668702708265,0.09557069999937085,0.013234900001407368
0,spline_k4_d2_a10p0,4,2,10.0,208,0.7951897577781332,0.5744564135870951,0.7212316578587189,0.09557069999937085,0.013452600000164239
1,spline_k3_d2_a0p3,3,2,0.3,172,0.7826849204783835,0.594385217288817,0.7411506487183809,0.08260399999926449,0.0123901000006299
1,spline_k3_d2_a1p0,3,2,1.0,172,0.7826018791540521,0.594535177610841,0.74129224094726,0.08260399999926449,0.012640199998713797
1,spline_k3_d2_a3p0,3,2,3.0,172,0.7824486548810322,0.594755139063211,0.7415534298608449,0.08260399999926449,0.011763099999370752
1,spline_k3_d2_a10p0,3,2,10.0,172,0.7815848538043633,0.5957080747206901,0.743024163285868,0.08260399999926449,0.012286400000448339
1,spline_k4_d2_a0p3,4,2,0.3,208,0.7823656754036026,0.5967204557628922,0.7416948398106659,0.10153599999830476,0.014066300002014032
1,spline_k4_d2_a1p0,4,2,1.0,208,0.782161670063719,0.5968062427438274,0.7420423821071936,0.10153599999830476,0.015793700000358513
1,spline_k4_d2_a3p0,4,2,3.0,208,0.7815602600833431,0.5971675453992301,0.7430659946673477,0.10153599999830476,0.0167793000000529
1,spline_k4_d2_a10p0,4,2,10.0,208,0.77932755746601,0.5993265035973167,0.746853830129411,0.10153599999830476,0.015438300000823801
2,spline_k3_d2_a0p3,3,2,0.3,172,0.7877657049433491,0.5773034623745698,0.7228385357069136,0.10609340000155498,0.012239200001204154
2,spline_k3_d2_a1p0,3,2,1.0,172,0.7876538138889004,0.577436575320096,0.7230290527691109,0.10609340000155498,0.013317900000402005
2,spline_k3_d2_a3p0,3,2,3.0,172,0.7874668012274484,0.5775585350243156,0.7233473674797518,0.10609340000155498,0.013724200001888676
2,spline_k3_d2_a10p0,3,2,10.0,172,0.7864984214088107,0.578570221684729,0.7249934136114592,0.10609340000155498,0.012967200000275625
2,spline_k4_d2_a0p3,4,2,0.3,208,0.7891979319415643,0.5733735218875804,0.7203954306280191,0.09970539999994799,0.013864299999113427
2,spline_k4_d2_a1p0,4,2,1.0,208,0.7892763543104808,0.5733358723758097,0.7202614177788137,0.09970539999994799,0.013282100000651553
2,spline_k4_d2_a3p0,4,2,3.0,208,0.7892852951503319,0.5733327813172658,0.7202461375517751,0.09970539999994799,0.01317669999843929
2,spline_k4_d2_a10p0,4,2,10.0,208,0.7883262194247911,0.5744787760765958,0.7218833900497024,0.09970539999994799,0.01765480000176467
3,spline_k3_d2_a0p3,3,2,0.3,172,0.798646368202178,0.5729497795515008,0.7170659441603772,0.14183109999794397,0.015778400000272086
3,spline_k3_d2_a1p0,3,2,1.0,172,0.7989145281937435,0.5726525791943982,0.7165882958054729,0.14183109999794397,0.013579599999502534
3,spline_k3_d2_a3p0,3,2,3.0,172,0.79938518950607,0.572189087845837,0.7157491800553012,0.14183109999794397,0.015316299999540206
3,spline_k3_d2_a10p0,3,2,10.0,172,0.8000483871341001,0.5717518735449302,0.7145651296054335,0.14183109999794397,0.014827099999820348
3,spline_k4_d2_a0p3,4,2,0.3,208,0.7977677841029952,0.5740461737664583,0.718628659939559,0.11832720000165864,0.014396399998076959
3,spline_k4_d2_a1p0,4,2,1.0,208,0.7980761140155586,0.573665481632904,0.7180806284838028,0.11832720000165864,0.015007699999841861
3,spline_k4_d2_a3p0,4,2,3.0,208,0.7986771174926898,0.5728183375455334,0.7170111894715686,0.11832720000165864,0.01338450000184821
3,spline_k4_d2_a10p0,4,2,10.0,208,0.7993433219710634,0.5718205139559654,0.7158238632017252,0.11832720000165864,0.014673000001494074
4,spline_k3_d2_a0p3,3,2,0.3,172,0.787732907512695,0.5815906315424132,0.7321494801958812,0.10232990000076825,0.013822299999446841
4,spline_k3_d2_a1p0,3,2,1.0,172,0.7876055959520659,0.5817492836960816,0.7323690081493593,0.10232990000076825,0.013111500000377418
4,spline_k3_d2_a3p0,3,2,3.0,172,0.7872969630655321,0.5821272617387883,0.7329009221344027,0.10232990000076825,0.013448300000163727
4,spline_k3_d2_a10p0,3,2,10.0,172,0.7860646595944623,0.5835369217242412,0.7350209012868437,0.10232990000076825,0.013351099998544669
4,spline_k4_d2_a0p3,4,2,0.3,208,0.7873362734042032,0.5803328865430177,0.7328331941058234,0.11490859999685199,0.016076200001407415
4,spline_k4_d2_a1p0,4,2,1.0,208,0.7872681556957475,0.5805722425784168,0.7329505505585562,0.11490859999685199,0.0177828000014415
4,spline_k4_d2_a3p0,4,2,3.0,208,0.7869218183300496,0.5814591202787653,0.7335469467599649,0.11490859999685199,0.017571600001247134
4,spline_k4_d2_a10p0,4,2,10.0,208,0.7851864825580616,0.5843769149121308,0.7365279394183281,0.11490859999685199,0.017963400001463015
