Person_ID,Age,Gender,Height_cm,Weight_kg,BMI,Country,Occupation,Marital_Status,Wake_Up_Time,Sleep_Time,Sleep_Duration_Hours,Sleep_Quality_Score,Number_of_Night_Awakenings,Weekend_Sleep_Difference_Hours,Nap_Frequency_Per_Week,Screen_Time_Before_Bed_Hours,Exercise_Frequency_Per_Week,Exercise_Duration_Minutes,Exercise_Type,Daily_Steps,Morning_Workout,Workout_Intensity,Gym_Member,Daily_Calorie_Intake,Water_Intake_Liters,Fruit_Intake_Per_Day,Vegetable_Intake_Per_Day,Protein_Intake_Grams,Sugary_Drinks_Per_Week,Fast_Food_Meals_Per_Week,Breakfast_Regularity_Score,Smoking_Status,Alcohol_Consumption,Stress_Level,Working_Hours_Per_Day,Sitting_Hours_Per_Day,Outdoor_Time_Hours,Social_Interaction_Score,Meditation_Practice,Resting_Heart_Rate,Systolic_BP,Diastolic_BP,Cholesterol_Level,Blood_Sugar_Level,Energy_Level_Score,Fatigue_Level_Score,Immune_Health_Score,Mood_Score,Anxiety_Score,Depression_Risk_Score,Productivity_Score,Focus_Concentration_Score,Life_Satisfaction_Score,Obesity_Risk,Hypertension_Risk,Diabetes_Risk,Cardiovascular_Risk,Sleep_Disorder_Risk,Fitness_Level,Healthy_Aging_Score,Wellness_Category,Early_Waker
P00001,76,Female,158.8,62.1,24.63,Italy,Entrepreneur,Widowed,8:59,1:29,7.51,5.9,2,1.28,5,1.65,4,47,Weight Training,10863,No,Low,Yes,2034,3.35,2,4,80.4,0,0,7.9,Former,Moderate,2.1,8.3,7.9,3.23,6.8,Yes,76,145,86,194.0,120.3,9.2,2.0,7.0,8.1,4.0,1.7,6.2,7.4,8.0,Low,High,Medium,Medium,Low,Excellent,81.8,Excellent,No
P00002,49,Female,160.9,68.5,26.45,USA,Freelancer,Single,6:35,2:25,4.16,5.5,0,0.24,1,1.63,4,43,Walking,5861,Yes,Moderate,No,2236,2.46,2,4,100.9,7,5,8.1,Current,,2.4,3.7,4.8,1.89,5.1,No,69,135,86,221.5,114.0,9.1,1.0,4.1,7.7,5.8,1.5,8.2,5.5,9.3,Medium,Medium,Medium,Low,Medium,Good,75.2,Good,No
P00003,51,Female,151.9,54.8,23.77,Mexico,Nurse,Single,7:31,2:24,5.12,8.4,0,1.54,4,0.04,0,94,,2172,No,,Yes,1884,1.6,3,4,42.7,6,4,8.0,Never,Light,2.9,7.6,7.4,1.08,6.7,No,66,139,96,204.1,113.1,7.1,2.8,5.9,6.5,5.7,1.5,7.6,6.6,7.1,Low,Medium,Medium,Low,Low,Good,77.1,Good,No
P00004,48,Male,167.6,81.3,28.93,Australia,Laborer,Single,8:36,1:19,7.29,4.6,1,0.37,1,2.56,6,39,Running,11437,Yes,Moderate,No,2192,2.67,7,5,106.9,3,0,6.8,Never,Light,4.6,8.4,7.1,4.06,6.4,No,66,136,96,227.0,95.1,9.0,2.6,9.5,6.3,5.4,1.7,7.9,6.5,8.6,Medium,Medium,Low,Low,Medium,Excellent,87.1,Excellent,No
P00005,68,Female,171.9,75.4,25.51,USA,Software Engineer,Married,7:07,1:20,5.79,6.1,1,1.81,2,1.18,0,55,,2851,No,,Yes,1466,2.27,4,6,113.9,0,6,6.9,Former,,5.1,3.2,4.0,0.23,2.6,No,73,146,92,232.0,104.8,6.9,3.6,7.8,4.4,6.6,3.1,4.4,6.1,6.7,Medium,High,Medium,Medium,Low,Average,58.1,Average,No
P00006,79,Male,166.2,60.5,21.9,India,Accountant,Married,7:50,1:05,6.76,4.3,1,1.3,0,0.25,0,48,,4832,No,,Yes,1711,1.3,3,3,91.4,0,7,6.8,Never,,4.6,4.4,4.6,0.74,3.8,No,72,168,109,264.1,104.4,4.5,6.3,6.1,5.6,5.8,2.8,6.8,6.4,6.7,Low,High,Medium,High,Medium,Average,52.0,Average,No
P00007,74,Male,169.9,55.0,19.06,Canada,Software Engineer,Single,6:49,23:48,7.01,5.1,1,-0.35,0,1.37,5,100,Running,12234,No,High,No,2316,3.28,0,5,112.0,3,8,6.4,Current,Light,8.8,9.8,7.3,5.94,5.1,Yes,66,154,103,201.7,103.4,7.2,4.2,5.1,5.3,6.7,3.1,5.3,6.4,6.5,Low,High,Medium,Medium,Low,Good,66.7,Good,No
P00008,67,Female,160.8,82.5,31.91,Brazil,Retired,Single,6:11,0:30,5.68,4.6,1,0.5,1,0.29,3,63,Weight Training,3499,No,Moderate,No,2172,2.51,2,2,87.1,5,5,6.4,Never,Moderate,9.6,6.3,6.9,1.72,7.4,No,80,160,106,238.1,119.5,5.9,5.1,5.3,5.3,7.3,3.6,6.3,7.9,5.5,High,High,Medium,Medium,Medium,Average,39.6,Average,Yes
P00009,22,Male,190.8,65.1,17.88,UK,Software Engineer,Single,6:54,0:22,6.53,5.5,1,1.45,4,0.42,3,50,Cycling,8124,No,Moderate,No,1670,1.74,5,3,109.8,5,3,4.8,Former,Light,6.6,5.0,5.5,2.36,3.8,No,72,125,80,185.7,83.2,6.2,3.3,7.9,6.4,6.5,4.0,7.3,6.4,7.1,Low,Low,Low,Low,Low,Good,90.2,Good,No
P00010,22,Male,177.9,90.7,28.67,Italy,Software Engineer,Single,7:06,0:41,6.42,4.2,0,0.97,2,0.19,3,59,Yoga,6718,No,High,Yes,1922,1.98,1,3,136.4,11,0,7.1,Never,Moderate,5.9,4.2,5.7,1.6,6.6,Yes,74,140,92,212.2,89.8,6.7,4.6,5.9,5.3,5.5,2.4,6.1,6.8,6.7,Medium,High,Low,Low,Medium,Good,76.8,Good,No
P00011,54,Male,174.0,65.2,21.54,UK,Manager,Widowed,5:49,23:11,6.63,4.1,1,1.39,1,0.51,1,10,HIIT,6544,Yes,Low,No,1705,1.6,2,1,84.6,14,4,8.6,Current,Light,1.2,9.6,7.0,3.79,4.0,No,82,133,99,209.4,122.1,6.8,4.5,5.2,5.7,5.0,2.5,7.1,5.7,5.8,Low,Medium,Medium,Medium,Medium,Good,69.9,Good,Yes
P00012,44,Male,183.6,75.2,22.3,France,Retired,Single,7:16,1:33,5.72,3.7,1,1.37,2,1.14,4,62,Walking,10484,No,Moderate,Yes,2686,2.57,5,4,117.9,7,1,6.8,Current,Moderate,5.8,7.8,8.1,2.5,6.6,No,70,150,98,153.9,110.8,6.9,3.9,5.8,7.0,8.1,4.1,6.1,7.6,8.0,Low,High,Medium,Medium,Medium,Good,73.4,Good,No
P00013,26,Male,180.4,101.8,31.27,Nigeria,Manager,Married,8:12,2:33,5.64,6.4,1,0.29,1,1.06,0,54,,2098,No,,Yes,1530,1.12,0,3,35.8,13,5,4.6,Never,Moderate,1.6,5.5,4.8,0.43,7.9,No,78,130,85,221.1,125.5,6.6,4.5,5.8,5.5,4.4,1.0,6.3,5.8,8.3,High,Medium,Medium,Medium,Low,Average,54.8,Average,No
P00014,56,Male,174.6,68.8,22.57,Brazil,Laborer,Single,6:13,20:41,9.54,8.5,2,2.23,0,4.0,4,47,Walking,7221,No,Moderate,Yes,2344,2.17,3,3,128.5,3,9,7.4,Current,Moderate,3.8,5.2,5.2,1.86,4.6,No,86,145,90,218.4,117.9,8.1,2.6,4.8,6.3,4.2,1.0,7.2,5.8,6.6,Low,High,Medium,Medium,Medium,Good,74.4,Good,Yes
P00015,25,Female,156.9,58.2,23.65,Japan,Laborer,Widowed,4:06,20:23,7.73,8.0,0,0.37,0,0.53,6,89,Cycling,12989,Yes,High,No,2213,2.17,3,4,113.9,0,2,8.0,Current,Light,1.1,5.7,4.5,3.65,5.8,No,71,125,78,185.3,96.9,10.0,1.0,6.0,8.6,3.0,1.0,9.9,6.4,8.4,Low,Low,Low,Low,Low,Excellent,100.0,Excellent,Yes
P00016,40,Male,172.6,93.2,31.28,India,Manager,Single,8:38,0:51,7.79,4.9,0,0.93,0,0.21,3,60,Walking,7061,No,Moderate,No,2465,2.07,6,7,101.4,2,5,5.9,Current,Moderate,4.5,6.5,6.4,2.41,3.7,No,89,136,98,194.3,106.7,6.1,6.7,5.6,5.1,5.4,1.8,6.2,6.1,6.4,High,Medium,Medium,Medium,Medium,Average,53.4,Average,No
P00017,26,Non-binary,162.1,73.8,28.1,USA,Freelancer,Divorced,6:44,1:08,5.6,6.4,1,0.0,1,0.3,2,52,Walking,7920,No,Moderate,No,1988,2.57,1,2,54.9,3,3,7.4,Current,Light,5.0,3.5,4.2,2.95,3.3,No,86,128,87,215.6,125.6,7.9,1.7,6.5,5.4,5.6,3.3,6.2,7.9,6.6,Medium,Low,Medium,Low,Low,Average,67.1,Average,No
P00018,29,Male,184.8,97.2,28.46,USA,Artist,Single,7:06,1:23,5.72,5.9,2,1.2,2,0.33,4,67,Sports,8844,Yes,High,No,2276,2.4,0,2,81.7,3,5,6.9,Never,Light,4.1,4.9,6.3,1.86,6.0,Yes,66,126,76,193.0,110.4,8.4,1.0,6.8,7.2,5.4,1.6,7.6,7.7,7.7,Medium,Low,Medium,Low,Low,Good,77.8,Good,No
P00019,42,Male,171.7,63.1,21.41,Japan,Lawyer,Divorced,9:22,2:54,6.46,8.4,1,0.95,0,0.34,4,25,HIIT,7688,No,High,No,1946,2.4,3,6,84.3,3,5,7.5,Current,Heavy,1.0,4.0,4.5,5.8,7.4,No,71,143,90,230.9,98.2,9.0,1.0,5.0,8.3,2.8,1.0,8.2,7.3,9.7,Low,High,Low,Medium,Low,Excellent,85.0,Excellent,No
P00020,51,Female,154.9,51.4,21.42,Pakistan,Teacher,Single,6:18,0:22,5.94,6.2,2,-0.67,1,0.21,6,58,Weight Training,11544,Yes,High,No,2593,2.5,1,1,132.3,5,8,5.7,Never,,5.0,7.0,5.6,3.62,6.1,Yes,76,159,108,240.2,102.7,8.9,1.0,7.1,7.7,6.1,1.0,8.5,8.2,7.7,Low,High,Medium,Medium,Low,Excellent,88.1,Excellent,Yes
